Episode,Reward
0,-14.215495
1,-14.215495
2,-14.215495
3,-14.215495
4,-14.215495
5,-14.215495
6,-14.215495
7,-14.215495
8,-14.215495
9,-14.215495
10,-14.215495
11,-14.215495
12,-14.215495
13,-14.215495
14,-14.215495
15,-14.215495
16,-14.215495
17,-14.215495
18,-14.215495
19,-14.215495
20,-14.215495
21,-14.215495
22,-14.215495
23,-14.215495
24,-14.215495
25,-14.215495
26,-14.215495
27,-14.215495
28,-14.215495
29,-14.215495
30,-14.215495
31,-14.215495
32,-14.215495
33,-14.215495
34,-14.215495
35,-14.215495
36,-14.215495
37,-14.215495
38,-14.215495
39,-14.215495
40,-14.215495
41,-14.215495
42,-14.215495
43,-14.215495
44,-14.215495
45,-14.215495
46,-14.215495
47,-14.215495
48,-14.215495
49,-14.215495
50,-14.215495
51,-14.215495
52,-14.215495
53,-14.215495
54,-14.215495
55,-14.215495
56,-14.215495
57,-14.215495
58,-14.215495
59,-14.215495
60,-14.215495
61,-14.215495
62,-14.215495
63,-14.215495
64,-14.215495
65,-14.215495
66,-14.215495
67,-14.215495
68,-14.215495
69,-14.215495
70,-14.215495
71,-14.215495
72,-14.215495
73,-14.215495
74,-14.215495
75,-14.215495
76,-14.215495
77,-14.215495
78,-14.215495
79,-14.215495
80,-14.215495
81,-14.215495
82,-14.215495
83,-14.215495
84,-14.215495
85,-14.215495
86,-14.215495
87,-14.215495
88,-14.215495
89,-14.215495
90,-14.215495
91,-14.215495
92,-14.215495
93,-14.215495
94,-14.215495
95,-14.215495
96,-14.215495
97,-14.215495
98,-14.215495
99,-14.215495
100,-14.215495
101,-14.215495
102,-14.215495
103,-14.215495
104,-14.215495
105,-14.215495
106,-14.215495
107,-14.215495
108,-14.215495
109,-14.215495
110,-14.215495
111,-14.215495
112,-14.215495
113,-14.215495
114,-14.215495
115,-14.215495
116,-14.215495
117,-14.215495
118,-14.215495
119,-14.215495
120,-14.215495
121,-14.215495
122,-14.215495
123,-14.215495
124,-14.215495
125,-14.215495
126,-14.215495
127,-14.215495
128,-14.215495
129,-14.215495
130,-14.215495
131,-14.215495
132,-14.215495
133,-14.215495
134,-14.215495
135,-14.215495
136,-14.215495
137,-14.215495
138,-14.215495
139,-14.215495
140,-14.215495
141,-14.215495
142,-14.215495
143,-14.215495
144,-14.215495
145,-14.215495
146,-14.215495
147,-14.215495
148,-14.215495
149,-14.215495
150,-14.215495
151,-14.215495
152,-14.215495
153,-14.215495
154,-14.215495
155,-14.215495
156,-14.215495
157,-14.215495
158,-14.215495
159,-14.215495
160,-14.215495
161,-14.215495
162,-14.215495
163,-14.215495
164,-14.215495
165,-14.215495
166,-14.215495
167,-14.215495
168,-14.215495
169,-14.215495
170,-14.215495
171,-14.215495
172,-14.215495
173,-14.215495
174,-14.215495
175,-14.215495
176,-14.215495
177,-14.215495
178,-14.215495
179,-14.215495
180,-14.215495
181,-14.215495
182,-14.215495
183,-14.215495
184,-14.215495
185,-14.215495
186,-14.215495
187,-14.215495
188,-14.215495
189,-14.215495
190,-14.215495
191,-14.215495
192,-14.215495
193,-14.215495
194,-14.215495
195,-14.215495
196,-14.215495
197,-14.215495
198,-14.215495
199,-15.378054
200,-15.378054
201,-15.378054
202,-15.378054
203,-15.378054
204,-15.378054
205,-15.378054
206,-15.378054
207,-15.378054
208,-15.378054
209,-15.378054
210,-15.378054
211,-15.378054
212,-15.378054
213,-15.378054
214,-15.378054
215,-15.378054
216,-15.378054
217,-15.378054
218,-15.378054
219,-15.378054
220,-15.378054
221,-15.378054
222,-15.378054
223,-15.378054
224,-15.378054
225,-15.378054
226,-15.378054
227,-15.378054
228,-15.378054
229,-15.378054
230,-15.378054
231,-15.378054
232,-15.378054
233,-15.378054
234,-15.378054
235,-15.378054
236,-15.378054
237,-15.378054
238,-15.378054
239,-15.378054
240,-15.378054
241,-15.378054
242,-15.378054
243,-15.378054
244,-15.378054
245,-15.378054
246,-15.378054
247,-15.378054
248,-15.378054
249,-15.378054
250,-15.378054
251,-15.378054
252,-15.378054
253,-15.378054
254,-15.378054
255,-15.378054
256,-15.378054
257,-15.378054
258,-15.378054
259,-15.378054
260,-15.378054
261,-15.378054
262,-15.378054
263,-15.378054
264,-15.378054
265,-15.378054
266,-15.378054
267,-15.378054
268,-15.378054
269,-15.378054
270,-15.378054
271,-15.378054
272,-15.378054
273,-15.378054
274,-15.378054
275,-15.378054
276,-15.378054
277,-15.378054
278,-15.378054
279,-15.378054
280,-15.378054
281,-15.378054
282,-15.378054
283,-15.378054
284,-15.378054
285,-15.378054
286,-15.378054
287,-15.378054
288,-15.378054
289,-15.378054
290,-15.378054
291,-15.378054
292,-15.378054
293,-15.378054
294,-15.378054
295,-15.378054
296,-15.378054
297,-15.378054
298,-15.378054
299,-12.973654
300,-12.973654
301,-12.973654
302,-12.973654
303,-12.973654
304,-12.973654
305,-12.973654
306,-12.973654
307,-12.973654
308,-12.973654
309,-12.973654
310,-12.973654
311,-12.973654
312,-12.973654
313,-12.973654
314,-12.973654
315,-12.973654
316,-12.973654
317,-12.973654
318,-12.973654
319,-12.973654
320,-12.973654
321,-12.973654
322,-12.973654
323,-12.973654
324,-12.973654
325,-12.973654
326,-12.973654
327,-12.973654
328,-12.973654
329,-12.973654
330,-12.973654
331,-12.973654
332,-12.973654
333,-12.973654
334,-12.973654
335,-12.973654
336,-12.973654
337,-12.973654
338,-12.973654
339,-12.973654
340,-12.973654
341,-12.973654
342,-12.973654
343,-12.973654
344,-12.973654
345,-12.973654
346,-12.973654
347,-12.973654
348,-12.973654
349,-12.973654
350,-12.973654
351,-12.973654
352,-12.973654
353,-12.973654
354,-12.973654
355,-12.973654
356,-12.973654
357,-12.973654
358,-12.973654
359,-12.973654
360,-12.973654
361,-12.973654
362,-12.973654
363,-12.973654
364,-12.973654
365,-12.973654
366,-12.973654
367,-12.973654
368,-12.973654
369,-12.973654
370,-12.973654
371,-12.973654
372,-12.973654
373,-12.973654
374,-12.973654
375,-12.973654
376,-12.973654
377,-12.973654
378,-12.973654
379,-12.973654
380,-12.973654
381,-12.973654
382,-12.973654
383,-12.973654
384,-12.973654
385,-12.973654
386,-12.973654
387,-12.973654
388,-12.973654
389,-12.973654
390,-12.973654
391,-12.973654
392,-12.973654
393,-12.973654
394,-12.973654
395,-12.973654
396,-12.973654
397,-12.973654
398,-12.973654
399,-9.017197
400,-9.017197
401,-9.017197
402,-9.017197
403,-9.017197
404,-9.017197
405,-9.017197
406,-9.017197
407,-9.017197
408,-9.017197
409,-9.017197
410,-9.017197
411,-9.017197
412,-9.017197
413,-9.017197
414,-9.017197
415,-9.017197
416,-9.017197
417,-9.017197
418,-9.017197
419,-9.017197
420,-9.017197
421,-9.017197
422,-9.017197
423,-9.017197
424,-9.017197
425,-9.017197
426,-9.017197
427,-9.017197
428,-9.017197
429,-9.017197
430,-9.017197
431,-9.017197
432,-9.017197
433,-9.017197
434,-9.017197
435,-9.017197
436,-9.017197
437,-9.017197
438,-9.017197
439,-9.017197
440,-9.017197
441,-9.017197
442,-9.017197
443,-9.017197
444,-9.017197
445,-9.017197
446,-9.017197
447,-9.017197
448,-9.017197
449,-9.017197
450,-9.017197
451,-9.017197
452,-9.017197
453,-9.017197
454,-9.017197
455,-9.017197
456,-9.017197
457,-9.017197
458,-9.017197
459,-9.017197
460,-9.017197
461,-9.017197
462,-9.017197
463,-9.017197
464,-9.017197
465,-9.017197
466,-9.017197
467,-9.017197
468,-9.017197
469,-9.017197
470,-9.017197
471,-9.017197
472,-9.017197
473,-9.017197
474,-9.017197
475,-9.017197
476,-9.017197
477,-9.017197
478,-9.017197
479,-9.017197
480,-9.017197
481,-9.017197
482,-9.017197
483,-9.017197
484,-9.017197
485,-9.017197
486,-9.017197
487,-9.017197
488,-9.017197
489,-9.017197
490,-9.017197
491,-9.017197
492,-9.017197
493,-9.017197
494,-9.017197
495,-9.017197
496,-9.017197
497,-9.017197
498,-9.017197
499,-6.155304
500,-6.155304
501,-6.155304
502,-6.155304
503,-6.155304
504,-6.155304
505,-6.155304
506,-6.155304
507,-6.155304
508,-6.155304
509,-6.155304
510,-6.155304
511,-6.155304
512,-6.155304
513,-6.155304
514,-6.155304
515,-6.155304
516,-6.155304
517,-6.155304
518,-6.155304
519,-6.155304
520,-6.155304
521,-6.155304
522,-6.155304
523,-6.155304
524,-6.155304
525,-6.155304
526,-6.155304
527,-6.155304
528,-6.155304
529,-6.155304
530,-6.155304
531,-6.155304
532,-6.155304
533,-6.155304
534,-6.155304
535,-6.155304
536,-6.155304
537,-6.155304
538,-6.155304
539,-6.155304
540,-6.155304
541,-6.155304
542,-6.155304
543,-6.155304
544,-6.155304
545,-6.155304
546,-6.155304
547,-6.155304
548,-6.155304
549,-6.155304
550,-6.155304
551,-6.155304
552,-6.155304
553,-6.155304
554,-6.155304
555,-6.155304
556,-6.155304
557,-6.155304
558,-6.155304
559,-6.155304
560,-6.155304
561,-6.155304
562,-6.155304
563,-6.155304
564,-6.155304
565,-6.155304
566,-6.155304
567,-6.155304
568,-6.155304
569,-6.155304
570,-6.155304
571,-6.155304
572,-6.155304
573,-6.155304
574,-6.155304
575,-6.155304
576,-6.155304
577,-6.155304
578,-6.155304
579,-6.155304
580,-6.155304
581,-6.155304
582,-6.155304
583,-6.155304
584,-6.155304
585,-6.155304
586,-6.155304
587,-6.155304
588,-6.155304
589,-6.155304
590,-6.155304
591,-6.155304
592,-6.155304
593,-6.155304
594,-6.155304
595,-6.155304
596,-6.155304
597,-6.155304
598,-6.155304
599,-3.962426
600,-3.962426
601,-3.962426
602,-3.962426
603,-3.962426
604,-3.962426
605,-3.962426
606,-3.962426
607,-3.962426
608,-3.962426
609,-3.962426
610,-3.962426
611,-3.962426
612,-3.962426
613,-3.962426
614,-3.962426
615,-3.962426
616,-3.962426
617,-3.962426
618,-3.962426
619,-3.962426
620,-3.962426
621,-3.962426
622,-3.962426
623,-3.962426
624,-3.962426
625,-3.962426
626,-3.962426
627,-3.962426
628,-3.962426
629,-3.962426
630,-3.962426
631,-3.962426
632,-3.962426
633,-3.962426
634,-3.962426
635,-3.962426
636,-3.962426
637,-3.962426
638,-3.962426
639,-3.962426
640,-3.962426
641,-3.962426
642,-3.962426
643,-3.962426
644,-3.962426
645,-3.962426
646,-3.962426
647,-3.962426
648,-3.962426
649,-3.962426
650,-3.962426
651,-3.962426
652,-3.962426
653,-3.962426
654,-3.962426
655,-3.962426
656,-3.962426
657,-3.962426
658,-3.962426
659,-3.962426
660,-3.962426
661,-3.962426
662,-3.962426
663,-3.962426
664,-3.962426
665,-3.962426
666,-3.962426
667,-3.962426
668,-3.962426
669,-3.962426
670,-3.962426
671,-3.962426
672,-3.962426
673,-3.962426
674,-3.962426
675,-3.962426
676,-3.962426
677,-3.962426
678,-3.962426
679,-3.962426
680,-3.962426
681,-3.962426
682,-3.962426
683,-3.962426
684,-3.962426
685,-3.962426
686,-3.962426
687,-3.962426
688,-3.962426
689,-3.962426
690,-3.962426
691,-3.962426
692,-3.962426
693,-3.962426
694,-3.962426
695,-3.962426
696,-3.962426
697,-3.962426
698,-3.962426
699,-3.966022
700,-3.966022
701,-3.966022
702,-3.966022
703,-3.966022
704,-3.966022
705,-3.966022
706,-3.966022
707,-3.966022
708,-3.966022
709,-3.966022
710,-3.966022
711,-3.966022
712,-3.966022
713,-3.966022
714,-3.966022
715,-3.966022
716,-3.966022
717,-3.966022
718,-3.966022
719,-3.966022
720,-3.966022
721,-3.966022
722,-3.966022
723,-3.966022
724,-3.966022
725,-3.966022
726,-3.966022
727,-3.966022
728,-3.966022
729,-3.966022
730,-3.966022
731,-3.966022
732,-3.966022
733,-3.966022
734,-3.966022
735,-3.966022
736,-3.966022
737,-3.966022
738,-3.966022
739,-3.966022
740,-3.966022
741,-3.966022
742,-3.966022
743,-3.966022
744,-3.966022
745,-3.966022
746,-3.966022
747,-3.966022
748,-3.966022
749,-3.966022
750,-3.966022
751,-3.966022
752,-3.966022
753,-3.966022
754,-3.966022
755,-3.966022
756,-3.966022
757,-3.966022
758,-3.966022
759,-3.966022
760,-3.966022
761,-3.966022
762,-3.966022
763,-3.966022
764,-3.966022
765,-3.966022
766,-3.966022
767,-3.966022
768,-3.966022
769,-3.966022
770,-3.966022
771,-3.966022
772,-3.966022
773,-3.966022
774,-3.966022
775,-3.966022
776,-3.966022
777,-3.966022
778,-3.966022
779,-3.966022
780,-3.966022
781,-3.966022
782,-3.966022
783,-3.966022
784,-3.966022
785,-3.966022
786,-3.966022
787,-3.966022
788,-3.966022
789,-3.966022
790,-3.966022
791,-3.966022
792,-3.966022
793,-3.966022
794,-3.966022
795,-3.966022
796,-3.966022
797,-3.966022
798,-3.966022
799,-4.778802
800,-4.778802
801,-4.778802
802,-4.778802
803,-4.778802
804,-4.778802
805,-4.778802
806,-4.778802
807,-4.778802
808,-4.778802
809,-4.778802
810,-4.778802
811,-4.778802
812,-4.778802
813,-4.778802
814,-4.778802
815,-4.778802
816,-4.778802
817,-4.778802
818,-4.778802
819,-4.778802
820,-4.778802
821,-4.778802
822,-4.778802
823,-4.778802
824,-4.778802
825,-4.778802
826,-4.778802
827,-4.778802
828,-4.778802
829,-4.778802
830,-4.778802
831,-4.778802
832,-4.778802
833,-4.778802
834,-4.778802
835,-4.778802
836,-4.778802
837,-4.778802
838,-4.778802
839,-4.778802
840,-4.778802
841,-4.778802
842,-4.778802
843,-4.778802
844,-4.778802
845,-4.778802
846,-4.778802
847,-4.778802
848,-4.778802
849,-4.778802
850,-4.778802
851,-4.778802
852,-4.778802
853,-4.778802
854,-4.778802
855,-4.778802
856,-4.778802
857,-4.778802
858,-4.778802
859,-4.778802
860,-4.778802
861,-4.778802
862,-4.778802
863,-4.778802
864,-4.778802
865,-4.778802
866,-4.778802
867,-4.778802
868,-4.778802
869,-4.778802
870,-4.778802
871,-4.778802
872,-4.778802
873,-4.778802
874,-4.778802
875,-4.778802
876,-4.778802
877,-4.778802
878,-4.778802
879,-4.778802
880,-4.778802
881,-4.778802
882,-4.778802
883,-4.778802
884,-4.778802
885,-4.778802
886,-4.778802
887,-4.778802
888,-4.778802
889,-4.778802
890,-4.778802
891,-4.778802
892,-4.778802
893,-4.778802
894,-4.778802
895,-4.778802
896,-4.778802
897,-4.778802
898,-4.778802
899,-5.49586
900,-5.49586
901,-5.49586
902,-5.49586
903,-5.49586
904,-5.49586
905,-5.49586
906,-5.49586
907,-5.49586
908,-5.49586
909,-5.49586
910,-5.49586
911,-5.49586
912,-5.49586
913,-5.49586
914,-5.49586
915,-5.49586
916,-5.49586
917,-5.49586
918,-5.49586
919,-5.49586
920,-5.49586
921,-5.49586
922,-5.49586
923,-5.49586
924,-5.49586
925,-5.49586
926,-5.49586
927,-5.49586
928,-5.49586
929,-5.49586
930,-5.49586
931,-5.49586
932,-5.49586
933,-5.49586
934,-5.49586
935,-5.49586
936,-5.49586
937,-5.49586
938,-5.49586
939,-5.49586
940,-5.49586
941,-5.49586
942,-5.49586
943,-5.49586
944,-5.49586
945,-5.49586
946,-5.49586
947,-5.49586
948,-5.49586
949,-5.49586
950,-5.49586
951,-5.49586
952,-5.49586
953,-5.49586
954,-5.49586
955,-5.49586
956,-5.49586
957,-5.49586
958,-5.49586
959,-5.49586
960,-5.49586
961,-5.49586
962,-5.49586
963,-5.49586
964,-5.49586
965,-5.49586
966,-5.49586
967,-5.49586
968,-5.49586
969,-5.49586
970,-5.49586
971,-5.49586
972,-5.49586
973,-5.49586
974,-5.49586
975,-5.49586
976,-5.49586
977,-5.49586
978,-5.49586
979,-5.49586
980,-5.49586
981,-5.49586
982,-5.49586
983,-5.49586
984,-5.49586
985,-5.49586
986,-5.49586
987,-5.49586
988,-5.49586
989,-5.49586
990,-5.49586
991,-5.49586
992,-5.49586
993,-5.49586
994,-5.49586
995,-5.49586
996,-5.49586
997,-5.49586
998,-5.49586
999,-5.366745
1000,-5.366745
1001,-5.366745
1002,-5.366745
1003,-5.366745
1004,-5.366745
1005,-5.366745
1006,-5.366745
1007,-5.366745
1008,-5.366745
1009,-5.366745
1010,-5.366745
1011,-5.366745
1012,-5.366745
1013,-5.366745
1014,-5.366745
1015,-5.366745
1016,-5.366745
1017,-5.366745
1018,-5.366745
1019,-5.366745
1020,-5.366745
1021,-5.366745
1022,-5.366745
1023,-5.366745
1024,-5.366745
1025,-5.366745
1026,-5.366745
1027,-5.366745
1028,-5.366745
1029,-5.366745
1030,-5.366745
1031,-5.366745
1032,-5.366745
1033,-5.366745
1034,-5.366745
1035,-5.366745
1036,-5.366745
1037,-5.366745
1038,-5.366745
1039,-5.366745
1040,-5.366745
1041,-5.366745
1042,-5.366745
1043,-5.366745
1044,-5.366745
1045,-5.366745
1046,-5.366745
1047,-5.366745
1048,-5.366745
1049,-5.366745
1050,-5.366745
1051,-5.366745
1052,-5.366745
1053,-5.366745
1054,-5.366745
1055,-5.366745
1056,-5.366745
1057,-5.366745
1058,-5.366745
1059,-5.366745
1060,-5.366745
1061,-5.366745
1062,-5.366745
1063,-5.366745
1064,-5.366745
1065,-5.366745
1066,-5.366745
1067,-5.366745
1068,-5.366745
1069,-5.366745
1070,-5.366745
1071,-5.366745
1072,-5.366745
1073,-5.366745
1074,-5.366745
1075,-5.366745
1076,-5.366745
1077,-5.366745
1078,-5.366745
1079,-5.366745
1080,-5.366745
1081,-5.366745
1082,-5.366745
1083,-5.366745
1084,-5.366745
1085,-5.366745
1086,-5.366745
1087,-5.366745
1088,-5.366745
1089,-5.366745
1090,-5.366745
1091,-5.366745
1092,-5.366745
1093,-5.366745
1094,-5.366745
1095,-5.366745
1096,-5.366745
1097,-5.366745
1098,-5.366745
1099,-12.632709
1100,-12.632709
1101,-12.632709
1102,-12.632709
1103,-12.632709
1104,-12.632709
1105,-12.632709
1106,-12.632709
1107,-12.632709
1108,-12.632709
1109,-12.632709
1110,-12.632709
1111,-12.632709
1112,-12.632709
1113,-12.632709
1114,-12.632709
1115,-12.632709
1116,-12.632709
1117,-12.632709
1118,-12.632709
1119,-12.632709
1120,-12.632709
1121,-12.632709
1122,-12.632709
1123,-12.632709
1124,-12.632709
1125,-12.632709
1126,-12.632709
1127,-12.632709
1128,-12.632709
1129,-12.632709
1130,-12.632709
1131,-12.632709
1132,-12.632709
1133,-12.632709
1134,-12.632709
1135,-12.632709
1136,-12.632709
1137,-12.632709
1138,-12.632709
1139,-12.632709
1140,-12.632709
1141,-12.632709
1142,-12.632709
1143,-12.632709
1144,-12.632709
1145,-12.632709
1146,-12.632709
1147,-12.632709
1148,-12.632709
1149,-12.632709
1150,-12.632709
1151,-12.632709
1152,-12.632709
1153,-12.632709
1154,-12.632709
1155,-12.632709
1156,-12.632709
1157,-12.632709
1158,-12.632709
1159,-12.632709
1160,-12.632709
1161,-12.632709
1162,-12.632709
1163,-12.632709
1164,-12.632709
1165,-12.632709
1166,-12.632709
1167,-12.632709
1168,-12.632709
1169,-12.632709
1170,-12.632709
1171,-12.632709
1172,-12.632709
1173,-12.632709
1174,-12.632709
1175,-12.632709
1176,-12.632709
1177,-12.632709
1178,-12.632709
1179,-12.632709
1180,-12.632709
1181,-12.632709
1182,-12.632709
1183,-12.632709
1184,-12.632709
1185,-12.632709
1186,-12.632709
1187,-12.632709
1188,-12.632709
1189,-12.632709
1190,-12.632709
1191,-12.632709
1192,-12.632709
1193,-12.632709
1194,-12.632709
1195,-12.632709
1196,-12.632709
1197,-12.632709
1198,-12.632709
1199,-9.380936
1200,-9.380936
1201,-9.380936
1202,-9.380936
1203,-9.380936
1204,-9.380936
1205,-9.380936
1206,-9.380936
1207,-9.380936
1208,-9.380936
1209,-9.380936
1210,-9.380936
1211,-9.380936
1212,-9.380936
1213,-9.380936
1214,-9.380936
1215,-9.380936
1216,-9.380936
1217,-9.380936
1218,-9.380936
1219,-9.380936
1220,-9.380936
1221,-9.380936
1222,-9.380936
1223,-9.380936
1224,-9.380936
1225,-9.380936
1226,-9.380936
1227,-9.380936
1228,-9.380936
1229,-9.380936
1230,-9.380936
1231,-9.380936
1232,-9.380936
1233,-9.380936
1234,-9.380936
1235,-9.380936
1236,-9.380936
1237,-9.380936
1238,-9.380936
1239,-9.380936
1240,-9.380936
1241,-9.380936
1242,-9.380936
1243,-9.380936
1244,-9.380936
1245,-9.380936
1246,-9.380936
1247,-9.380936
1248,-9.380936
1249,-9.380936
1250,-9.380936
1251,-9.380936
1252,-9.380936
1253,-9.380936
1254,-9.380936
1255,-9.380936
1256,-9.380936
1257,-9.380936
1258,-9.380936
1259,-9.380936
1260,-9.380936
1261,-9.380936
1262,-9.380936
1263,-9.380936
1264,-9.380936
1265,-9.380936
1266,-9.380936
1267,-9.380936
1268,-9.380936
1269,-9.380936
1270,-9.380936
1271,-9.380936
1272,-9.380936
1273,-9.380936
1274,-9.380936
1275,-9.380936
1276,-9.380936
1277,-9.380936
1278,-9.380936
1279,-9.380936
1280,-9.380936
1281,-9.380936
1282,-9.380936
1283,-9.380936
1284,-9.380936
1285,-9.380936
1286,-9.380936
1287,-9.380936
1288,-9.380936
1289,-9.380936
1290,-9.380936
1291,-9.380936
1292,-9.380936
1293,-9.380936
1294,-9.380936
1295,-9.380936
1296,-9.380936
1297,-9.380936
1298,-9.380936
1299,-14.806652
1300,-14.806652
1301,-14.806652
1302,-14.806652
1303,-14.806652
1304,-14.806652
1305,-14.806652
1306,-14.806652
1307,-14.806652
1308,-14.806652
1309,-14.806652
1310,-14.806652
1311,-14.806652
1312,-14.806652
1313,-14.806652
1314,-14.806652
1315,-14.806652
1316,-14.806652
1317,-14.806652
1318,-14.806652
1319,-14.806652
1320,-14.806652
1321,-14.806652
1322,-14.806652
1323,-14.806652
1324,-14.806652
1325,-14.806652
1326,-14.806652
1327,-14.806652
1328,-14.806652
1329,-14.806652
1330,-14.806652
1331,-14.806652
1332,-14.806652
1333,-14.806652
1334,-14.806652
1335,-14.806652
1336,-14.806652
1337,-14.806652
1338,-14.806652
1339,-14.806652
1340,-14.806652
1341,-14.806652
1342,-14.806652
1343,-14.806652
1344,-14.806652
1345,-14.806652
1346,-14.806652
1347,-14.806652
1348,-14.806652
1349,-14.806652
1350,-14.806652
1351,-14.806652
1352,-14.806652
1353,-14.806652
1354,-14.806652
1355,-14.806652
1356,-14.806652
1357,-14.806652
1358,-14.806652
1359,-14.806652
1360,-14.806652
1361,-14.806652
1362,-14.806652
1363,-14.806652
1364,-14.806652
1365,-14.806652
1366,-14.806652
1367,-14.806652
1368,-14.806652
1369,-14.806652
1370,-14.806652
1371,-14.806652
1372,-14.806652
1373,-14.806652
1374,-14.806652
1375,-14.806652
1376,-14.806652
1377,-14.806652
1378,-14.806652
1379,-14.806652
1380,-14.806652
1381,-14.806652
1382,-14.806652
1383,-14.806652
1384,-14.806652
1385,-14.806652
1386,-14.806652
1387,-14.806652
1388,-14.806652
1389,-14.806652
1390,-14.806652
1391,-14.806652
1392,-14.806652
1393,-14.806652
1394,-14.806652
1395,-14.806652
1396,-14.806652
1397,-14.806652
1398,-14.806652
1399,-5.307819
1400,-5.307819
1401,-5.307819
1402,-5.307819
1403,-5.307819
1404,-5.307819
1405,-5.307819
1406,-5.307819
1407,-5.307819
1408,-5.307819
1409,-5.307819
1410,-5.307819
1411,-5.307819
1412,-5.307819
1413,-5.307819
1414,-5.307819
1415,-5.307819
1416,-5.307819
1417,-5.307819
1418,-5.307819
1419,-5.307819
1420,-5.307819
1421,-5.307819
1422,-5.307819
1423,-5.307819
1424,-5.307819
1425,-5.307819
1426,-5.307819
1427,-5.307819
1428,-5.307819
1429,-5.307819
1430,-5.307819
1431,-5.307819
1432,-5.307819
1433,-5.307819
1434,-5.307819
1435,-5.307819
1436,-5.307819
1437,-5.307819
1438,-5.307819
1439,-5.307819
1440,-5.307819
1441,-5.307819
1442,-5.307819
1443,-5.307819
1444,-5.307819
1445,-5.307819
1446,-5.307819
1447,-5.307819
1448,-5.307819
1449,-5.307819
1450,-5.307819
1451,-5.307819
1452,-5.307819
1453,-5.307819
1454,-5.307819
1455,-5.307819
1456,-5.307819
1457,-5.307819
1458,-5.307819
1459,-5.307819
1460,-5.307819
1461,-5.307819
1462,-5.307819
1463,-5.307819
1464,-5.307819
1465,-5.307819
1466,-5.307819
1467,-5.307819
1468,-5.307819
1469,-5.307819
1470,-5.307819
1471,-5.307819
1472,-5.307819
1473,-5.307819
1474,-5.307819
1475,-5.307819
1476,-5.307819
1477,-5.307819
1478,-5.307819
1479,-5.307819
1480,-5.307819
1481,-5.307819
1482,-5.307819
1483,-5.307819
1484,-5.307819
1485,-5.307819
1486,-5.307819
1487,-5.307819
1488,-5.307819
1489,-5.307819
1490,-5.307819
1491,-5.307819
1492,-5.307819
1493,-5.307819
1494,-5.307819
1495,-5.307819
1496,-5.307819
1497,-5.307819
1498,-5.307819
1499,-5.356264
1500,-5.356264
1501,-5.356264
1502,-5.356264
1503,-5.356264
1504,-5.356264
1505,-5.356264
1506,-5.356264
1507,-5.356264
1508,-5.356264
1509,-5.356264
1510,-5.356264
1511,-5.356264
1512,-5.356264
1513,-5.356264
1514,-5.356264
1515,-5.356264
1516,-5.356264
1517,-5.356264
1518,-5.356264
1519,-5.356264
1520,-5.356264
1521,-5.356264
1522,-5.356264
1523,-5.356264
1524,-5.356264
1525,-5.356264
1526,-5.356264
1527,-5.356264
1528,-5.356264
1529,-5.356264
1530,-5.356264
1531,-5.356264
1532,-5.356264
1533,-5.356264
1534,-5.356264
1535,-5.356264
1536,-5.356264
1537,-5.356264
1538,-5.356264
1539,-5.356264
1540,-5.356264
1541,-5.356264
1542,-5.356264
1543,-5.356264
1544,-5.356264
1545,-5.356264
1546,-5.356264
1547,-5.356264
1548,-5.356264
1549,-5.356264
1550,-5.356264
1551,-5.356264
1552,-5.356264
1553,-5.356264
1554,-5.356264
1555,-5.356264
1556,-5.356264
1557,-5.356264
1558,-5.356264
1559,-5.356264
1560,-5.356264
1561,-5.356264
1562,-5.356264
1563,-5.356264
1564,-5.356264
1565,-5.356264
1566,-5.356264
1567,-5.356264
1568,-5.356264
1569,-5.356264
1570,-5.356264
1571,-5.356264
1572,-5.356264
1573,-5.356264
1574,-5.356264
1575,-5.356264
1576,-5.356264
1577,-5.356264
1578,-5.356264
1579,-5.356264
1580,-5.356264
1581,-5.356264
1582,-5.356264
1583,-5.356264
1584,-5.356264
1585,-5.356264
1586,-5.356264
1587,-5.356264
1588,-5.356264
1589,-5.356264
1590,-5.356264
1591,-5.356264
1592,-5.356264
1593,-5.356264
1594,-5.356264
1595,-5.356264
1596,-5.356264
1597,-5.356264
1598,-5.356264
1599,-3.883777
1600,-3.883777
1601,-3.883777
1602,-3.883777
1603,-3.883777
1604,-3.883777
1605,-3.883777
1606,-3.883777
1607,-3.883777
1608,-3.883777
1609,-3.883777
1610,-3.883777
1611,-3.883777
1612,-3.883777
1613,-3.883777
1614,-3.883777
1615,-3.883777
1616,-3.883777
1617,-3.883777
1618,-3.883777
1619,-3.883777
1620,-3.883777
1621,-3.883777
1622,-3.883777
1623,-3.883777
1624,-3.883777
1625,-3.883777
1626,-3.883777
1627,-3.883777
1628,-3.883777
1629,-3.883777
1630,-3.883777
1631,-3.883777
1632,-3.883777
1633,-3.883777
1634,-3.883777
1635,-3.883777
1636,-3.883777
1637,-3.883777
1638,-3.883777
1639,-3.883777
1640,-3.883777
1641,-3.883777
1642,-3.883777
1643,-3.883777
1644,-3.883777
1645,-3.883777
1646,-3.883777
1647,-3.883777
1648,-3.883777
1649,-3.883777
1650,-3.883777
1651,-3.883777
1652,-3.883777
1653,-3.883777
1654,-3.883777
1655,-3.883777
1656,-3.883777
1657,-3.883777
1658,-3.883777
1659,-3.883777
1660,-3.883777
1661,-3.883777
1662,-3.883777
1663,-3.883777
1664,-3.883777
1665,-3.883777
1666,-3.883777
1667,-3.883777
1668,-3.883777
1669,-3.883777
1670,-3.883777
1671,-3.883777
1672,-3.883777
1673,-3.883777
1674,-3.883777
1675,-3.883777
1676,-3.883777
1677,-3.883777
1678,-3.883777
1679,-3.883777
1680,-3.883777
1681,-3.883777
1682,-3.883777
1683,-3.883777
1684,-3.883777
1685,-3.883777
1686,-3.883777
1687,-3.883777
1688,-3.883777
1689,-3.883777
1690,-3.883777
1691,-3.883777
1692,-3.883777
1693,-3.883777
1694,-3.883777
1695,-3.883777
1696,-3.883777
1697,-3.883777
1698,-3.883777
1699,-3.974502
1700,-3.974502
1701,-3.974502
1702,-3.974502
1703,-3.974502
1704,-3.974502
1705,-3.974502
1706,-3.974502
1707,-3.974502
1708,-3.974502
1709,-3.974502
1710,-3.974502
1711,-3.974502
1712,-3.974502
1713,-3.974502
1714,-3.974502
1715,-3.974502
1716,-3.974502
1717,-3.974502
1718,-3.974502
1719,-3.974502
1720,-3.974502
1721,-3.974502
1722,-3.974502
1723,-3.974502
1724,-3.974502
1725,-3.974502
1726,-3.974502
1727,-3.974502
1728,-3.974502
1729,-3.974502
1730,-3.974502
1731,-3.974502
1732,-3.974502
1733,-3.974502
1734,-3.974502
1735,-3.974502
1736,-3.974502
1737,-3.974502
1738,-3.974502
1739,-3.974502
1740,-3.974502
1741,-3.974502
1742,-3.974502
1743,-3.974502
1744,-3.974502
1745,-3.974502
1746,-3.974502
1747,-3.974502
1748,-3.974502
1749,-3.974502
1750,-3.974502
1751,-3.974502
1752,-3.974502
1753,-3.974502
1754,-3.974502
1755,-3.974502
1756,-3.974502
1757,-3.974502
1758,-3.974502
1759,-3.974502
1760,-3.974502
1761,-3.974502
1762,-3.974502
1763,-3.974502
1764,-3.974502
1765,-3.974502
1766,-3.974502
1767,-3.974502
1768,-3.974502
1769,-3.974502
1770,-3.974502
1771,-3.974502
1772,-3.974502
1773,-3.974502
1774,-3.974502
1775,-3.974502
1776,-3.974502
1777,-3.974502
1778,-3.974502
1779,-3.974502
1780,-3.974502
1781,-3.974502
1782,-3.974502
1783,-3.974502
1784,-3.974502
1785,-3.974502
1786,-3.974502
1787,-3.974502
1788,-3.974502
1789,-3.974502
1790,-3.974502
1791,-3.974502
1792,-3.974502
1793,-3.974502
1794,-3.974502
1795,-3.974502
1796,-3.974502
1797,-3.974502
1798,-3.974502
1799,-2.796177
1800,-2.796177
1801,-2.796177
1802,-2.796177
1803,-2.796177
1804,-2.796177
1805,-2.796177
1806,-2.796177
1807,-2.796177
1808,-2.796177
1809,-2.796177
1810,-2.796177
1811,-2.796177
1812,-2.796177
1813,-2.796177
1814,-2.796177
1815,-2.796177
1816,-2.796177
1817,-2.796177
1818,-2.796177
1819,-2.796177
1820,-2.796177
1821,-2.796177
1822,-2.796177
1823,-2.796177
1824,-2.796177
1825,-2.796177
1826,-2.796177
1827,-2.796177
1828,-2.796177
1829,-2.796177
1830,-2.796177
1831,-2.796177
1832,-2.796177
1833,-2.796177
1834,-2.796177
1835,-2.796177
1836,-2.796177
1837,-2.796177
1838,-2.796177
1839,-2.796177
1840,-2.796177
1841,-2.796177
1842,-2.796177
1843,-2.796177
1844,-2.796177
1845,-2.796177
1846,-2.796177
1847,-2.796177
1848,-2.796177
1849,-2.796177
1850,-2.796177
1851,-2.796177
1852,-2.796177
1853,-2.796177
1854,-2.796177
1855,-2.796177
1856,-2.796177
1857,-2.796177
1858,-2.796177
1859,-2.796177
1860,-2.796177
1861,-2.796177
1862,-2.796177
1863,-2.796177
1864,-2.796177
1865,-2.796177
1866,-2.796177
1867,-2.796177
1868,-2.796177
1869,-2.796177
1870,-2.796177
1871,-2.796177
1872,-2.796177
1873,-2.796177
1874,-2.796177
1875,-2.796177
1876,-2.796177
1877,-2.796177
1878,-2.796177
1879,-2.796177
1880,-2.796177
1881,-2.796177
1882,-2.796177
1883,-2.796177
1884,-2.796177
1885,-2.796177
1886,-2.796177
1887,-2.796177
1888,-2.796177
1889,-2.796177
1890,-2.796177
1891,-2.796177
1892,-2.796177
1893,-2.796177
1894,-2.796177
1895,-2.796177
1896,-2.796177
1897,-2.796177
1898,-2.796177
1899,-3.254433
1900,-3.254433
1901,-3.254433
1902,-3.254433
1903,-3.254433
1904,-3.254433
1905,-3.254433
1906,-3.254433
1907,-3.254433
1908,-3.254433
1909,-3.254433
1910,-3.254433
1911,-3.254433
1912,-3.254433
1913,-3.254433
1914,-3.254433
1915,-3.254433
1916,-3.254433
1917,-3.254433
1918,-3.254433
1919,-3.254433
1920,-3.254433
1921,-3.254433
1922,-3.254433
1923,-3.254433
1924,-3.254433
1925,-3.254433
1926,-3.254433
1927,-3.254433
1928,-3.254433
1929,-3.254433
1930,-3.254433
1931,-3.254433
1932,-3.254433
1933,-3.254433
1934,-3.254433
1935,-3.254433
1936,-3.254433
1937,-3.254433
1938,-3.254433
1939,-3.254433
1940,-3.254433
1941,-3.254433
1942,-3.254433
1943,-3.254433
1944,-3.254433
1945,-3.254433
1946,-3.254433
1947,-3.254433
1948,-3.254433
1949,-3.254433
1950,-3.254433
1951,-3.254433
1952,-3.254433
1953,-3.254433
1954,-3.254433
1955,-3.254433
1956,-3.254433
1957,-3.254433
1958,-3.254433
1959,-3.254433
1960,-3.254433
1961,-3.254433
1962,-3.254433
1963,-3.254433
1964,-3.254433
1965,-3.254433
1966,-3.254433
1967,-3.254433
1968,-3.254433
1969,-3.254433
1970,-3.254433
1971,-3.254433
1972,-3.254433
1973,-3.254433
1974,-3.254433
1975,-3.254433
1976,-3.254433
1977,-3.254433
1978,-3.254433
1979,-3.254433
1980,-3.254433
1981,-3.254433
1982,-3.254433
1983,-3.254433
1984,-3.254433
1985,-3.254433
1986,-3.254433
1987,-3.254433
1988,-3.254433
1989,-3.254433
1990,-3.254433
1991,-3.254433
1992,-3.254433
1993,-3.254433
1994,-3.254433
1995,-3.254433
1996,-3.254433
1997,-3.254433
1998,-3.254433
1999,-4.304753
2000,-4.304753
2001,-4.304753
2002,-4.304753
2003,-4.304753
2004,-4.304753
2005,-4.304753
2006,-4.304753
2007,-4.304753
2008,-4.304753
2009,-4.304753
2010,-4.304753
2011,-4.304753
2012,-4.304753
2013,-4.304753
2014,-4.304753
2015,-4.304753
2016,-4.304753
2017,-4.304753
2018,-4.304753
2019,-4.304753
2020,-4.304753
2021,-4.304753
2022,-4.304753
2023,-4.304753
2024,-4.304753
2025,-4.304753
2026,-4.304753
2027,-4.304753
2028,-4.304753
2029,-4.304753
2030,-4.304753
2031,-4.304753
2032,-4.304753
2033,-4.304753
2034,-4.304753
2035,-4.304753
2036,-4.304753
2037,-4.304753
2038,-4.304753
2039,-4.304753
2040,-4.304753
2041,-4.304753
2042,-4.304753
2043,-4.304753
2044,-4.304753
2045,-4.304753
2046,-4.304753
2047,-4.304753
2048,-4.304753
2049,-4.304753
2050,-4.304753
2051,-4.304753
2052,-4.304753
2053,-4.304753
2054,-4.304753
2055,-4.304753
2056,-4.304753
2057,-4.304753
2058,-4.304753
2059,-4.304753
2060,-4.304753
2061,-4.304753
2062,-4.304753
2063,-4.304753
2064,-4.304753
2065,-4.304753
2066,-4.304753
2067,-4.304753
2068,-4.304753
2069,-4.304753
2070,-4.304753
2071,-4.304753
2072,-4.304753
2073,-4.304753
2074,-4.304753
2075,-4.304753
2076,-4.304753
2077,-4.304753
2078,-4.304753
2079,-4.304753
2080,-4.304753
2081,-4.304753
2082,-4.304753
2083,-4.304753
2084,-4.304753
2085,-4.304753
2086,-4.304753
2087,-4.304753
2088,-4.304753
2089,-4.304753
2090,-4.304753
2091,-4.304753
2092,-4.304753
2093,-4.304753
2094,-4.304753
2095,-4.304753
2096,-4.304753
2097,-4.304753
2098,-4.304753
2099,-7.771661
2100,-7.771661
2101,-7.771661
2102,-7.771661
2103,-7.771661
2104,-7.771661
2105,-7.771661
2106,-7.771661
2107,-7.771661
2108,-7.771661
2109,-7.771661
2110,-7.771661
2111,-7.771661
2112,-7.771661
2113,-7.771661
2114,-7.771661
2115,-7.771661
2116,-7.771661
2117,-7.771661
2118,-7.771661
2119,-7.771661
2120,-7.771661
2121,-7.771661
2122,-7.771661
2123,-7.771661
2124,-7.771661
2125,-7.771661
2126,-7.771661
2127,-7.771661
2128,-7.771661
2129,-7.771661
2130,-7.771661
2131,-7.771661
2132,-7.771661
2133,-7.771661
2134,-7.771661
2135,-7.771661
2136,-7.771661
2137,-7.771661
2138,-7.771661
2139,-7.771661
2140,-7.771661
2141,-7.771661
2142,-7.771661
2143,-7.771661
2144,-7.771661
2145,-7.771661
2146,-7.771661
2147,-7.771661
2148,-7.771661
2149,-7.771661
2150,-7.771661
2151,-7.771661
2152,-7.771661
2153,-7.771661
2154,-7.771661
2155,-7.771661
2156,-7.771661
2157,-7.771661
2158,-7.771661
2159,-7.771661
2160,-7.771661
2161,-7.771661
2162,-7.771661
2163,-7.771661
2164,-7.771661
2165,-7.771661
2166,-7.771661
2167,-7.771661
2168,-7.771661
2169,-7.771661
2170,-7.771661
2171,-7.771661
2172,-7.771661
2173,-7.771661
2174,-7.771661
2175,-7.771661
2176,-7.771661
2177,-7.771661
2178,-7.771661
2179,-7.771661
2180,-7.771661
2181,-7.771661
2182,-7.771661
2183,-7.771661
2184,-7.771661
2185,-7.771661
2186,-7.771661
2187,-7.771661
2188,-7.771661
2189,-7.771661
2190,-7.771661
2191,-7.771661
2192,-7.771661
2193,-7.771661
2194,-7.771661
2195,-7.771661
2196,-7.771661
2197,-7.771661
2198,-7.771661
2199,-2.901237
2200,-2.901237
2201,-2.901237
2202,-2.901237
2203,-2.901237
2204,-2.901237
2205,-2.901237
2206,-2.901237
2207,-2.901237
2208,-2.901237
2209,-2.901237
2210,-2.901237
2211,-2.901237
2212,-2.901237
2213,-2.901237
2214,-2.901237
2215,-2.901237
2216,-2.901237
2217,-2.901237
2218,-2.901237
2219,-2.901237
2220,-2.901237
2221,-2.901237
2222,-2.901237
2223,-2.901237
2224,-2.901237
2225,-2.901237
2226,-2.901237
2227,-2.901237
2228,-2.901237
2229,-2.901237
2230,-2.901237
2231,-2.901237
2232,-2.901237
2233,-2.901237
2234,-2.901237
2235,-2.901237
2236,-2.901237
2237,-2.901237
2238,-2.901237
2239,-2.901237
2240,-2.901237
2241,-2.901237
2242,-2.901237
2243,-2.901237
2244,-2.901237
2245,-2.901237
2246,-2.901237
2247,-2.901237
2248,-2.901237
2249,-2.901237
2250,-2.901237
2251,-2.901237
2252,-2.901237
2253,-2.901237
2254,-2.901237
2255,-2.901237
2256,-2.901237
2257,-2.901237
2258,-2.901237
2259,-2.901237
2260,-2.901237
2261,-2.901237
2262,-2.901237
2263,-2.901237
2264,-2.901237
2265,-2.901237
2266,-2.901237
2267,-2.901237
2268,-2.901237
2269,-2.901237
2270,-2.901237
2271,-2.901237
2272,-2.901237
2273,-2.901237
2274,-2.901237
2275,-2.901237
2276,-2.901237
2277,-2.901237
2278,-2.901237
2279,-2.901237
2280,-2.901237
2281,-2.901237
2282,-2.901237
2283,-2.901237
2284,-2.901237
2285,-2.901237
2286,-2.901237
2287,-2.901237
2288,-2.901237
2289,-2.901237
2290,-2.901237
2291,-2.901237
2292,-2.901237
2293,-2.901237
2294,-2.901237
2295,-2.901237
2296,-2.901237
2297,-2.901237
2298,-2.901237
2299,-3.20777
2300,-3.20777
2301,-3.20777
2302,-3.20777
2303,-3.20777
2304,-3.20777
2305,-3.20777
2306,-3.20777
2307,-3.20777
2308,-3.20777
2309,-3.20777
2310,-3.20777
2311,-3.20777
2312,-3.20777
2313,-3.20777
2314,-3.20777
2315,-3.20777
2316,-3.20777
2317,-3.20777
2318,-3.20777
2319,-3.20777
2320,-3.20777
2321,-3.20777
2322,-3.20777
2323,-3.20777
2324,-3.20777
2325,-3.20777
2326,-3.20777
2327,-3.20777
2328,-3.20777
2329,-3.20777
2330,-3.20777
2331,-3.20777
2332,-3.20777
2333,-3.20777
2334,-3.20777
2335,-3.20777
2336,-3.20777
2337,-3.20777
2338,-3.20777
2339,-3.20777
2340,-3.20777
2341,-3.20777
2342,-3.20777
2343,-3.20777
2344,-3.20777
2345,-3.20777
2346,-3.20777
2347,-3.20777
2348,-3.20777
2349,-3.20777
2350,-3.20777
2351,-3.20777
2352,-3.20777
2353,-3.20777
2354,-3.20777
2355,-3.20777
2356,-3.20777
2357,-3.20777
2358,-3.20777
2359,-3.20777
2360,-3.20777
2361,-3.20777
2362,-3.20777
2363,-3.20777
2364,-3.20777
2365,-3.20777
2366,-3.20777
2367,-3.20777
2368,-3.20777
2369,-3.20777
2370,-3.20777
2371,-3.20777
2372,-3.20777
2373,-3.20777
2374,-3.20777
2375,-3.20777
2376,-3.20777
2377,-3.20777
2378,-3.20777
2379,-3.20777
2380,-3.20777
2381,-3.20777
2382,-3.20777
2383,-3.20777
2384,-3.20777
2385,-3.20777
2386,-3.20777
2387,-3.20777
2388,-3.20777
2389,-3.20777
2390,-3.20777
2391,-3.20777
2392,-3.20777
2393,-3.20777
2394,-3.20777
2395,-3.20777
2396,-3.20777
2397,-3.20777
2398,-3.20777
2399,-2.656406
2400,-2.656406
2401,-2.656406
2402,-2.656406
2403,-2.656406
2404,-2.656406
2405,-2.656406
2406,-2.656406
2407,-2.656406
2408,-2.656406
2409,-2.656406
2410,-2.656406
2411,-2.656406
2412,-2.656406
2413,-2.656406
2414,-2.656406
2415,-2.656406
2416,-2.656406
2417,-2.656406
2418,-2.656406
2419,-2.656406
2420,-2.656406
2421,-2.656406
2422,-2.656406
2423,-2.656406
2424,-2.656406
2425,-2.656406
2426,-2.656406
2427,-2.656406
2428,-2.656406
2429,-2.656406
2430,-2.656406
2431,-2.656406
2432,-2.656406
2433,-2.656406
2434,-2.656406
2435,-2.656406
2436,-2.656406
2437,-2.656406
2438,-2.656406
2439,-2.656406
2440,-2.656406
2441,-2.656406
2442,-2.656406
2443,-2.656406
2444,-2.656406
2445,-2.656406
2446,-2.656406
2447,-2.656406
2448,-2.656406
2449,-2.656406
2450,-2.656406
2451,-2.656406
2452,-2.656406
2453,-2.656406
2454,-2.656406
2455,-2.656406
2456,-2.656406
2457,-2.656406
2458,-2.656406
2459,-2.656406
2460,-2.656406
2461,-2.656406
2462,-2.656406
2463,-2.656406
2464,-2.656406
2465,-2.656406
2466,-2.656406
2467,-2.656406
2468,-2.656406
2469,-2.656406
2470,-2.656406
2471,-2.656406
2472,-2.656406
2473,-2.656406
2474,-2.656406
2475,-2.656406
2476,-2.656406
2477,-2.656406
2478,-2.656406
2479,-2.656406
2480,-2.656406
2481,-2.656406
2482,-2.656406
2483,-2.656406
2484,-2.656406
2485,-2.656406
2486,-2.656406
2487,-2.656406
2488,-2.656406
2489,-2.656406
2490,-2.656406
2491,-2.656406
2492,-2.656406
2493,-2.656406
2494,-2.656406
2495,-2.656406
2496,-2.656406
2497,-2.656406
2498,-2.656406
2499,-2.852082
2500,-2.852082
2501,-2.852082
2502,-2.852082
2503,-2.852082
2504,-2.852082
2505,-2.852082
2506,-2.852082
2507,-2.852082
2508,-2.852082
2509,-2.852082
2510,-2.852082
2511,-2.852082
2512,-2.852082
2513,-2.852082
2514,-2.852082
2515,-2.852082
2516,-2.852082
2517,-2.852082
2518,-2.852082
2519,-2.852082
2520,-2.852082
2521,-2.852082
2522,-2.852082
2523,-2.852082
2524,-2.852082
2525,-2.852082
2526,-2.852082
2527,-2.852082
2528,-2.852082
2529,-2.852082
2530,-2.852082
2531,-2.852082
2532,-2.852082
2533,-2.852082
2534,-2.852082
2535,-2.852082
2536,-2.852082
2537,-2.852082
2538,-2.852082
2539,-2.852082
2540,-2.852082
2541,-2.852082
2542,-2.852082
2543,-2.852082
2544,-2.852082
2545,-2.852082
2546,-2.852082
2547,-2.852082
2548,-2.852082
2549,-2.852082
2550,-2.852082
2551,-2.852082
2552,-2.852082
2553,-2.852082
2554,-2.852082
2555,-2.852082
2556,-2.852082
2557,-2.852082
2558,-2.852082
2559,-2.852082
2560,-2.852082
2561,-2.852082
2562,-2.852082
2563,-2.852082
2564,-2.852082
2565,-2.852082
2566,-2.852082
2567,-2.852082
2568,-2.852082
2569,-2.852082
2570,-2.852082
2571,-2.852082
2572,-2.852082
2573,-2.852082
2574,-2.852082
2575,-2.852082
2576,-2.852082
2577,-2.852082
2578,-2.852082
2579,-2.852082
2580,-2.852082
2581,-2.852082
2582,-2.852082
2583,-2.852082
2584,-2.852082
2585,-2.852082
2586,-2.852082
2587,-2.852082
2588,-2.852082
2589,-2.852082
2590,-2.852082
2591,-2.852082
2592,-2.852082
2593,-2.852082
2594,-2.852082
2595,-2.852082
2596,-2.852082
2597,-2.852082
2598,-2.852082
2599,-2.307841
2600,-2.307841
2601,-2.307841
2602,-2.307841
2603,-2.307841
2604,-2.307841
2605,-2.307841
2606,-2.307841
2607,-2.307841
2608,-2.307841
2609,-2.307841
2610,-2.307841
2611,-2.307841
2612,-2.307841
2613,-2.307841
2614,-2.307841
2615,-2.307841
2616,-2.307841
2617,-2.307841
2618,-2.307841
2619,-2.307841
2620,-2.307841
2621,-2.307841
2622,-2.307841
2623,-2.307841
2624,-2.307841
2625,-2.307841
2626,-2.307841
2627,-2.307841
2628,-2.307841
2629,-2.307841
2630,-2.307841
2631,-2.307841
2632,-2.307841
2633,-2.307841
2634,-2.307841
2635,-2.307841
2636,-2.307841
2637,-2.307841
2638,-2.307841
2639,-2.307841
2640,-2.307841
2641,-2.307841
2642,-2.307841
2643,-2.307841
2644,-2.307841
2645,-2.307841
2646,-2.307841
2647,-2.307841
2648,-2.307841
2649,-2.307841
2650,-2.307841
2651,-2.307841
2652,-2.307841
2653,-2.307841
2654,-2.307841
2655,-2.307841
2656,-2.307841
2657,-2.307841
2658,-2.307841
2659,-2.307841
2660,-2.307841
2661,-2.307841
2662,-2.307841
2663,-2.307841
2664,-2.307841
2665,-2.307841
2666,-2.307841
2667,-2.307841
2668,-2.307841
2669,-2.307841
2670,-2.307841
2671,-2.307841
2672,-2.307841
2673,-2.307841
2674,-2.307841
2675,-2.307841
2676,-2.307841
2677,-2.307841
2678,-2.307841
2679,-2.307841
2680,-2.307841
2681,-2.307841
2682,-2.307841
2683,-2.307841
2684,-2.307841
2685,-2.307841
2686,-2.307841
2687,-2.307841
2688,-2.307841
2689,-2.307841
2690,-2.307841
2691,-2.307841
2692,-2.307841
2693,-2.307841
2694,-2.307841
2695,-2.307841
2696,-2.307841
2697,-2.307841
2698,-2.307841
2699,-2.040702
2700,-2.040702
2701,-2.040702
2702,-2.040702
2703,-2.040702
2704,-2.040702
2705,-2.040702
2706,-2.040702
2707,-2.040702
2708,-2.040702
2709,-2.040702
2710,-2.040702
2711,-2.040702
2712,-2.040702
2713,-2.040702
2714,-2.040702
2715,-2.040702
2716,-2.040702
2717,-2.040702
2718,-2.040702
2719,-2.040702
2720,-2.040702
2721,-2.040702
2722,-2.040702
2723,-2.040702
2724,-2.040702
2725,-2.040702
2726,-2.040702
2727,-2.040702
2728,-2.040702
2729,-2.040702
2730,-2.040702
2731,-2.040702
2732,-2.040702
2733,-2.040702
2734,-2.040702
2735,-2.040702
2736,-2.040702
2737,-2.040702
2738,-2.040702
2739,-2.040702
2740,-2.040702
2741,-2.040702
2742,-2.040702
2743,-2.040702
2744,-2.040702
2745,-2.040702
2746,-2.040702
2747,-2.040702
2748,-2.040702
2749,-2.040702
2750,-2.040702
2751,-2.040702
2752,-2.040702
2753,-2.040702
2754,-2.040702
2755,-2.040702
2756,-2.040702
2757,-2.040702
2758,-2.040702
2759,-2.040702
2760,-2.040702
2761,-2.040702
2762,-2.040702
2763,-2.040702
2764,-2.040702
2765,-2.040702
2766,-2.040702
2767,-2.040702
2768,-2.040702
2769,-2.040702
2770,-2.040702
2771,-2.040702
2772,-2.040702
2773,-2.040702
2774,-2.040702
2775,-2.040702
2776,-2.040702
2777,-2.040702
2778,-2.040702
2779,-2.040702
2780,-2.040702
2781,-2.040702
2782,-2.040702
2783,-2.040702
2784,-2.040702
2785,-2.040702
2786,-2.040702
2787,-2.040702
2788,-2.040702
2789,-2.040702
2790,-2.040702
2791,-2.040702
2792,-2.040702
2793,-2.040702
2794,-2.040702
2795,-2.040702
2796,-2.040702
2797,-2.040702
2798,-2.040702
2799,-2.648515
2800,-2.648515
2801,-2.648515
2802,-2.648515
2803,-2.648515
2804,-2.648515
2805,-2.648515
2806,-2.648515
2807,-2.648515
2808,-2.648515
2809,-2.648515
2810,-2.648515
2811,-2.648515
2812,-2.648515
2813,-2.648515
2814,-2.648515
2815,-2.648515
2816,-2.648515
2817,-2.648515
2818,-2.648515
2819,-2.648515
2820,-2.648515
2821,-2.648515
2822,-2.648515
2823,-2.648515
2824,-2.648515
2825,-2.648515
2826,-2.648515
2827,-2.648515
2828,-2.648515
2829,-2.648515
2830,-2.648515
2831,-2.648515
2832,-2.648515
2833,-2.648515
2834,-2.648515
2835,-2.648515
2836,-2.648515
2837,-2.648515
2838,-2.648515
2839,-2.648515
2840,-2.648515
2841,-2.648515
2842,-2.648515
2843,-2.648515
2844,-2.648515
2845,-2.648515
2846,-2.648515
2847,-2.648515
2848,-2.648515
2849,-2.648515
2850,-2.648515
2851,-2.648515
2852,-2.648515
2853,-2.648515
2854,-2.648515
2855,-2.648515
2856,-2.648515
2857,-2.648515
2858,-2.648515
2859,-2.648515
2860,-2.648515
2861,-2.648515
2862,-2.648515
2863,-2.648515
2864,-2.648515
2865,-2.648515
2866,-2.648515
2867,-2.648515
2868,-2.648515
2869,-2.648515
2870,-2.648515
2871,-2.648515
2872,-2.648515
2873,-2.648515
2874,-2.648515
2875,-2.648515
2876,-2.648515
2877,-2.648515
2878,-2.648515
2879,-2.648515
2880,-2.648515
2881,-2.648515
2882,-2.648515
2883,-2.648515
2884,-2.648515
2885,-2.648515
2886,-2.648515
2887,-2.648515
2888,-2.648515
2889,-2.648515
2890,-2.648515
2891,-2.648515
2892,-2.648515
2893,-2.648515
2894,-2.648515
2895,-2.648515
2896,-2.648515
2897,-2.648515
2898,-2.648515
2899,-2.305362
2900,-2.305362
2901,-2.305362
2902,-2.305362
2903,-2.305362
2904,-2.305362
2905,-2.305362
2906,-2.305362
2907,-2.305362
2908,-2.305362
2909,-2.305362
2910,-2.305362
2911,-2.305362
2912,-2.305362
2913,-2.305362
2914,-2.305362
2915,-2.305362
2916,-2.305362
2917,-2.305362
2918,-2.305362
2919,-2.305362
2920,-2.305362
2921,-2.305362
2922,-2.305362
2923,-2.305362
2924,-2.305362
2925,-2.305362
2926,-2.305362
2927,-2.305362
2928,-2.305362
2929,-2.305362
2930,-2.305362
2931,-2.305362
2932,-2.305362
2933,-2.305362
2934,-2.305362
2935,-2.305362
2936,-2.305362
2937,-2.305362
2938,-2.305362
2939,-2.305362
2940,-2.305362
2941,-2.305362
2942,-2.305362
2943,-2.305362
2944,-2.305362
2945,-2.305362
2946,-2.305362
2947,-2.305362
2948,-2.305362
2949,-2.305362
2950,-2.305362
2951,-2.305362
2952,-2.305362
2953,-2.305362
2954,-2.305362
2955,-2.305362
2956,-2.305362
2957,-2.305362
2958,-2.305362
2959,-2.305362
2960,-2.305362
2961,-2.305362
2962,-2.305362
2963,-2.305362
2964,-2.305362
2965,-2.305362
2966,-2.305362
2967,-2.305362
2968,-2.305362
2969,-2.305362
2970,-2.305362
2971,-2.305362
2972,-2.305362
2973,-2.305362
2974,-2.305362
2975,-2.305362
2976,-2.305362
2977,-2.305362
2978,-2.305362
2979,-2.305362
2980,-2.305362
2981,-2.305362
2982,-2.305362
2983,-2.305362
2984,-2.305362
2985,-2.305362
2986,-2.305362
2987,-2.305362
2988,-2.305362
2989,-2.305362
2990,-2.305362
2991,-2.305362
2992,-2.305362
2993,-2.305362
2994,-2.305362
2995,-2.305362
2996,-2.305362
2997,-2.305362
2998,-2.305362
2999,-2.696338
3000,-2.696338
3001,-2.696338
3002,-2.696338
3003,-2.696338
3004,-2.696338
3005,-2.696338
3006,-2.696338
3007,-2.696338
3008,-2.696338
3009,-2.696338
3010,-2.696338
3011,-2.696338
3012,-2.696338
3013,-2.696338
3014,-2.696338
3015,-2.696338
3016,-2.696338
3017,-2.696338
3018,-2.696338
3019,-2.696338
3020,-2.696338
3021,-2.696338
3022,-2.696338
3023,-2.696338
3024,-2.696338
3025,-2.696338
3026,-2.696338
3027,-2.696338
3028,-2.696338
3029,-2.696338
3030,-2.696338
3031,-2.696338
3032,-2.696338
3033,-2.696338
3034,-2.696338
3035,-2.696338
3036,-2.696338
3037,-2.696338
3038,-2.696338
3039,-2.696338
3040,-2.696338
3041,-2.696338
3042,-2.696338
3043,-2.696338
3044,-2.696338
3045,-2.696338
3046,-2.696338
3047,-2.696338
3048,-2.696338
3049,-2.696338
3050,-2.696338
3051,-2.696338
3052,-2.696338
3053,-2.696338
3054,-2.696338
3055,-2.696338
3056,-2.696338
3057,-2.696338
3058,-2.696338
3059,-2.696338
3060,-2.696338
3061,-2.696338
3062,-2.696338
3063,-2.696338
3064,-2.696338
3065,-2.696338
3066,-2.696338
3067,-2.696338
3068,-2.696338
3069,-2.696338
3070,-2.696338
3071,-2.696338
3072,-2.696338
3073,-2.696338
3074,-2.696338
3075,-2.696338
3076,-2.696338
3077,-2.696338
3078,-2.696338
3079,-2.696338
3080,-2.696338
3081,-2.696338
3082,-2.696338
3083,-2.696338
3084,-2.696338
3085,-2.696338
3086,-2.696338
3087,-2.696338
3088,-2.696338
3089,-2.696338
3090,-2.696338
3091,-2.696338
3092,-2.696338
3093,-2.696338
3094,-2.696338
3095,-2.696338
3096,-2.696338
3097,-2.696338
3098,-2.696338
3099,-2.889498
3100,-2.889498
3101,-2.889498
3102,-2.889498
3103,-2.889498
3104,-2.889498
3105,-2.889498
3106,-2.889498
3107,-2.889498
3108,-2.889498
3109,-2.889498
3110,-2.889498
3111,-2.889498
3112,-2.889498
3113,-2.889498
3114,-2.889498
3115,-2.889498
3116,-2.889498
3117,-2.889498
3118,-2.889498
3119,-2.889498
3120,-2.889498
3121,-2.889498
3122,-2.889498
3123,-2.889498
3124,-2.889498
3125,-2.889498
3126,-2.889498
3127,-2.889498
3128,-2.889498
3129,-2.889498
3130,-2.889498
3131,-2.889498
3132,-2.889498
3133,-2.889498
3134,-2.889498
3135,-2.889498
3136,-2.889498
3137,-2.889498
3138,-2.889498
3139,-2.889498
3140,-2.889498
3141,-2.889498
3142,-2.889498
3143,-2.889498
3144,-2.889498
3145,-2.889498
3146,-2.889498
3147,-2.889498
3148,-2.889498
3149,-2.889498
3150,-2.889498
3151,-2.889498
3152,-2.889498
3153,-2.889498
3154,-2.889498
3155,-2.889498
3156,-2.889498
3157,-2.889498
3158,-2.889498
3159,-2.889498
3160,-2.889498
3161,-2.889498
3162,-2.889498
3163,-2.889498
3164,-2.889498
3165,-2.889498
3166,-2.889498
3167,-2.889498
3168,-2.889498
3169,-2.889498
3170,-2.889498
3171,-2.889498
3172,-2.889498
3173,-2.889498
3174,-2.889498
3175,-2.889498
3176,-2.889498
3177,-2.889498
3178,-2.889498
3179,-2.889498
3180,-2.889498
3181,-2.889498
3182,-2.889498
3183,-2.889498
3184,-2.889498
3185,-2.889498
3186,-2.889498
3187,-2.889498
3188,-2.889498
3189,-2.889498
3190,-2.889498
3191,-2.889498
3192,-2.889498
3193,-2.889498
3194,-2.889498
3195,-2.889498
3196,-2.889498
3197,-2.889498
3198,-2.889498
3199,-2.738422
3200,-2.738422
3201,-2.738422
3202,-2.738422
3203,-2.738422
3204,-2.738422
3205,-2.738422
3206,-2.738422
3207,-2.738422
3208,-2.738422
3209,-2.738422
3210,-2.738422
3211,-2.738422
3212,-2.738422
3213,-2.738422
3214,-2.738422
3215,-2.738422
3216,-2.738422
3217,-2.738422
3218,-2.738422
3219,-2.738422
3220,-2.738422
3221,-2.738422
3222,-2.738422
3223,-2.738422
3224,-2.738422
3225,-2.738422
3226,-2.738422
3227,-2.738422
3228,-2.738422
3229,-2.738422
3230,-2.738422
3231,-2.738422
3232,-2.738422
3233,-2.738422
3234,-2.738422
3235,-2.738422
3236,-2.738422
3237,-2.738422
3238,-2.738422
3239,-2.738422
3240,-2.738422
3241,-2.738422
3242,-2.738422
3243,-2.738422
3244,-2.738422
3245,-2.738422
3246,-2.738422
3247,-2.738422
3248,-2.738422
3249,-2.738422
3250,-2.738422
3251,-2.738422
3252,-2.738422
3253,-2.738422
3254,-2.738422
3255,-2.738422
3256,-2.738422
3257,-2.738422
3258,-2.738422
3259,-2.738422
3260,-2.738422
3261,-2.738422
3262,-2.738422
3263,-2.738422
3264,-2.738422
3265,-2.738422
3266,-2.738422
3267,-2.738422
3268,-2.738422
3269,-2.738422
3270,-2.738422
3271,-2.738422
3272,-2.738422
3273,-2.738422
3274,-2.738422
3275,-2.738422
3276,-2.738422
3277,-2.738422
3278,-2.738422
3279,-2.738422
3280,-2.738422
3281,-2.738422
3282,-2.738422
3283,-2.738422
3284,-2.738422
3285,-2.738422
3286,-2.738422
3287,-2.738422
3288,-2.738422
3289,-2.738422
3290,-2.738422
3291,-2.738422
3292,-2.738422
3293,-2.738422
3294,-2.738422
3295,-2.738422
3296,-2.738422
3297,-2.738422
3298,-2.738422
3299,-2.349651
3300,-2.349651
3301,-2.349651
3302,-2.349651
3303,-2.349651
3304,-2.349651
3305,-2.349651
3306,-2.349651
3307,-2.349651
3308,-2.349651
3309,-2.349651
3310,-2.349651
3311,-2.349651
3312,-2.349651
3313,-2.349651
3314,-2.349651
3315,-2.349651
3316,-2.349651
3317,-2.349651
3318,-2.349651
3319,-2.349651
3320,-2.349651
3321,-2.349651
3322,-2.349651
3323,-2.349651
3324,-2.349651
3325,-2.349651
3326,-2.349651
3327,-2.349651
3328,-2.349651
3329,-2.349651
3330,-2.349651
3331,-2.349651
3332,-2.349651
3333,-2.349651
3334,-2.349651
3335,-2.349651
3336,-2.349651
3337,-2.349651
3338,-2.349651
3339,-2.349651
3340,-2.349651
3341,-2.349651
3342,-2.349651
3343,-2.349651
3344,-2.349651
3345,-2.349651
3346,-2.349651
3347,-2.349651
3348,-2.349651
3349,-2.349651
3350,-2.349651
3351,-2.349651
3352,-2.349651
3353,-2.349651
3354,-2.349651
3355,-2.349651
3356,-2.349651
3357,-2.349651
3358,-2.349651
3359,-2.349651
3360,-2.349651
3361,-2.349651
3362,-2.349651
3363,-2.349651
3364,-2.349651
3365,-2.349651
3366,-2.349651
3367,-2.349651
3368,-2.349651
3369,-2.349651
3370,-2.349651
3371,-2.349651
3372,-2.349651
3373,-2.349651
3374,-2.349651
3375,-2.349651
3376,-2.349651
3377,-2.349651
3378,-2.349651
3379,-2.349651
3380,-2.349651
3381,-2.349651
3382,-2.349651
3383,-2.349651
3384,-2.349651
3385,-2.349651
3386,-2.349651
3387,-2.349651
3388,-2.349651
3389,-2.349651
3390,-2.349651
3391,-2.349651
3392,-2.349651
3393,-2.349651
3394,-2.349651
3395,-2.349651
3396,-2.349651
3397,-2.349651
3398,-2.349651
3399,-2.90389
3400,-2.90389
3401,-2.90389
3402,-2.90389
3403,-2.90389
3404,-2.90389
3405,-2.90389
3406,-2.90389
3407,-2.90389
3408,-2.90389
3409,-2.90389
3410,-2.90389
3411,-2.90389
3412,-2.90389
3413,-2.90389
3414,-2.90389
3415,-2.90389
3416,-2.90389
3417,-2.90389
3418,-2.90389
3419,-2.90389
3420,-2.90389
3421,-2.90389
3422,-2.90389
3423,-2.90389
3424,-2.90389
3425,-2.90389
3426,-2.90389
3427,-2.90389
3428,-2.90389
3429,-2.90389
3430,-2.90389
3431,-2.90389
3432,-2.90389
3433,-2.90389
3434,-2.90389
3435,-2.90389
3436,-2.90389
3437,-2.90389
3438,-2.90389
3439,-2.90389
3440,-2.90389
3441,-2.90389
3442,-2.90389
3443,-2.90389
3444,-2.90389
3445,-2.90389
3446,-2.90389
3447,-2.90389
3448,-2.90389
3449,-2.90389
3450,-2.90389
3451,-2.90389
3452,-2.90389
3453,-2.90389
3454,-2.90389
3455,-2.90389
3456,-2.90389
3457,-2.90389
3458,-2.90389
3459,-2.90389
3460,-2.90389
3461,-2.90389
3462,-2.90389
3463,-2.90389
3464,-2.90389
3465,-2.90389
3466,-2.90389
3467,-2.90389
3468,-2.90389
3469,-2.90389
3470,-2.90389
3471,-2.90389
3472,-2.90389
3473,-2.90389
3474,-2.90389
3475,-2.90389
3476,-2.90389
3477,-2.90389
3478,-2.90389
3479,-2.90389
3480,-2.90389
3481,-2.90389
3482,-2.90389
3483,-2.90389
3484,-2.90389
3485,-2.90389
3486,-2.90389
3487,-2.90389
3488,-2.90389
3489,-2.90389
3490,-2.90389
3491,-2.90389
3492,-2.90389
3493,-2.90389
3494,-2.90389
3495,-2.90389
3496,-2.90389
3497,-2.90389
3498,-2.90389
3499,-2.560662
3500,-2.560662
3501,-2.560662
3502,-2.560662
3503,-2.560662
3504,-2.560662
3505,-2.560662
3506,-2.560662
3507,-2.560662
3508,-2.560662
3509,-2.560662
3510,-2.560662
3511,-2.560662
3512,-2.560662
3513,-2.560662
3514,-2.560662
3515,-2.560662
3516,-2.560662
3517,-2.560662
3518,-2.560662
3519,-2.560662
3520,-2.560662
3521,-2.560662
3522,-2.560662
3523,-2.560662
3524,-2.560662
3525,-2.560662
3526,-2.560662
3527,-2.560662
3528,-2.560662
3529,-2.560662
3530,-2.560662
3531,-2.560662
3532,-2.560662
3533,-2.560662
3534,-2.560662
3535,-2.560662
3536,-2.560662
3537,-2.560662
3538,-2.560662
3539,-2.560662
3540,-2.560662
3541,-2.560662
3542,-2.560662
3543,-2.560662
3544,-2.560662
3545,-2.560662
3546,-2.560662
3547,-2.560662
3548,-2.560662
3549,-2.560662
3550,-2.560662
3551,-2.560662
3552,-2.560662
3553,-2.560662
3554,-2.560662
3555,-2.560662
3556,-2.560662
3557,-2.560662
3558,-2.560662
3559,-2.560662
3560,-2.560662
3561,-2.560662
3562,-2.560662
3563,-2.560662
3564,-2.560662
3565,-2.560662
3566,-2.560662
3567,-2.560662
3568,-2.560662
3569,-2.560662
3570,-2.560662
3571,-2.560662
3572,-2.560662
3573,-2.560662
3574,-2.560662
3575,-2.560662
3576,-2.560662
3577,-2.560662
3578,-2.560662
3579,-2.560662
3580,-2.560662
3581,-2.560662
3582,-2.560662
3583,-2.560662
3584,-2.560662
3585,-2.560662
3586,-2.560662
3587,-2.560662
3588,-2.560662
3589,-2.560662
3590,-2.560662
3591,-2.560662
3592,-2.560662
3593,-2.560662
3594,-2.560662
3595,-2.560662
3596,-2.560662
3597,-2.560662
3598,-2.560662
3599,-2.290566
3600,-2.290566
3601,-2.290566
3602,-2.290566
3603,-2.290566
3604,-2.290566
3605,-2.290566
3606,-2.290566
3607,-2.290566
3608,-2.290566
3609,-2.290566
3610,-2.290566
3611,-2.290566
3612,-2.290566
3613,-2.290566
3614,-2.290566
3615,-2.290566
3616,-2.290566
3617,-2.290566
3618,-2.290566
3619,-2.290566
3620,-2.290566
3621,-2.290566
3622,-2.290566
3623,-2.290566
3624,-2.290566
3625,-2.290566
3626,-2.290566
3627,-2.290566
3628,-2.290566
3629,-2.290566
3630,-2.290566
3631,-2.290566
3632,-2.290566
3633,-2.290566
3634,-2.290566
3635,-2.290566
3636,-2.290566
3637,-2.290566
3638,-2.290566
3639,-2.290566
3640,-2.290566
3641,-2.290566
3642,-2.290566
3643,-2.290566
3644,-2.290566
3645,-2.290566
3646,-2.290566
3647,-2.290566
3648,-2.290566
3649,-2.290566
3650,-2.290566
3651,-2.290566
3652,-2.290566
3653,-2.290566
3654,-2.290566
3655,-2.290566
3656,-2.290566
3657,-2.290566
3658,-2.290566
3659,-2.290566
3660,-2.290566
3661,-2.290566
3662,-2.290566
3663,-2.290566
3664,-2.290566
3665,-2.290566
3666,-2.290566
3667,-2.290566
3668,-2.290566
3669,-2.290566
3670,-2.290566
3671,-2.290566
3672,-2.290566
3673,-2.290566
3674,-2.290566
3675,-2.290566
3676,-2.290566
3677,-2.290566
3678,-2.290566
3679,-2.290566
3680,-2.290566
3681,-2.290566
3682,-2.290566
3683,-2.290566
3684,-2.290566
3685,-2.290566
3686,-2.290566
3687,-2.290566
3688,-2.290566
3689,-2.290566
3690,-2.290566
3691,-2.290566
3692,-2.290566
3693,-2.290566
3694,-2.290566
3695,-2.290566
3696,-2.290566
3697,-2.290566
3698,-2.290566
3699,-2.460385
3700,-2.460385
3701,-2.460385
3702,-2.460385
3703,-2.460385
3704,-2.460385
3705,-2.460385
3706,-2.460385
3707,-2.460385
3708,-2.460385
3709,-2.460385
3710,-2.460385
3711,-2.460385
3712,-2.460385
3713,-2.460385
3714,-2.460385
3715,-2.460385
3716,-2.460385
3717,-2.460385
3718,-2.460385
3719,-2.460385
3720,-2.460385
3721,-2.460385
3722,-2.460385
3723,-2.460385
3724,-2.460385
3725,-2.460385
3726,-2.460385
3727,-2.460385
3728,-2.460385
3729,-2.460385
3730,-2.460385
3731,-2.460385
3732,-2.460385
3733,-2.460385
3734,-2.460385
3735,-2.460385
3736,-2.460385
3737,-2.460385
3738,-2.460385
3739,-2.460385
3740,-2.460385
3741,-2.460385
3742,-2.460385
3743,-2.460385
3744,-2.460385
3745,-2.460385
3746,-2.460385
3747,-2.460385
3748,-2.460385
3749,-2.460385
3750,-2.460385
3751,-2.460385
3752,-2.460385
3753,-2.460385
3754,-2.460385
3755,-2.460385
3756,-2.460385
3757,-2.460385
3758,-2.460385
3759,-2.460385
3760,-2.460385
3761,-2.460385
3762,-2.460385
3763,-2.460385
3764,-2.460385
3765,-2.460385
3766,-2.460385
3767,-2.460385
3768,-2.460385
3769,-2.460385
3770,-2.460385
3771,-2.460385
3772,-2.460385
3773,-2.460385
3774,-2.460385
3775,-2.460385
3776,-2.460385
3777,-2.460385
3778,-2.460385
3779,-2.460385
3780,-2.460385
3781,-2.460385
3782,-2.460385
3783,-2.460385
3784,-2.460385
3785,-2.460385
3786,-2.460385
3787,-2.460385
3788,-2.460385
3789,-2.460385
3790,-2.460385
3791,-2.460385
3792,-2.460385
3793,-2.460385
3794,-2.460385
3795,-2.460385
3796,-2.460385
3797,-2.460385
3798,-2.460385
3799,-2.267029
3800,-2.267029
3801,-2.267029
3802,-2.267029
3803,-2.267029
3804,-2.267029
3805,-2.267029
3806,-2.267029
3807,-2.267029
3808,-2.267029
3809,-2.267029
3810,-2.267029
3811,-2.267029
3812,-2.267029
3813,-2.267029
3814,-2.267029
3815,-2.267029
3816,-2.267029
3817,-2.267029
3818,-2.267029
3819,-2.267029
3820,-2.267029
3821,-2.267029
3822,-2.267029
3823,-2.267029
3824,-2.267029
3825,-2.267029
3826,-2.267029
3827,-2.267029
3828,-2.267029
3829,-2.267029
3830,-2.267029
3831,-2.267029
3832,-2.267029
3833,-2.267029
3834,-2.267029
3835,-2.267029
3836,-2.267029
3837,-2.267029
3838,-2.267029
3839,-2.267029
3840,-2.267029
3841,-2.267029
3842,-2.267029
3843,-2.267029
3844,-2.267029
3845,-2.267029
3846,-2.267029
3847,-2.267029
3848,-2.267029
3849,-2.267029
3850,-2.267029
3851,-2.267029
3852,-2.267029
3853,-2.267029
3854,-2.267029
3855,-2.267029
3856,-2.267029
3857,-2.267029
3858,-2.267029
3859,-2.267029
3860,-2.267029
3861,-2.267029
3862,-2.267029
3863,-2.267029
3864,-2.267029
3865,-2.267029
3866,-2.267029
3867,-2.267029
3868,-2.267029
3869,-2.267029
3870,-2.267029
3871,-2.267029
3872,-2.267029
3873,-2.267029
3874,-2.267029
3875,-2.267029
3876,-2.267029
3877,-2.267029
3878,-2.267029
3879,-2.267029
3880,-2.267029
3881,-2.267029
3882,-2.267029
3883,-2.267029
3884,-2.267029
3885,-2.267029
3886,-2.267029
3887,-2.267029
3888,-2.267029
3889,-2.267029
3890,-2.267029
3891,-2.267029
3892,-2.267029
3893,-2.267029
3894,-2.267029
3895,-2.267029
3896,-2.267029
3897,-2.267029
3898,-2.267029
3899,-2.222074
3900,-2.222074
3901,-2.222074
3902,-2.222074
3903,-2.222074
3904,-2.222074
3905,-2.222074
3906,-2.222074
3907,-2.222074
3908,-2.222074
3909,-2.222074
3910,-2.222074
3911,-2.222074
3912,-2.222074
3913,-2.222074
3914,-2.222074
3915,-2.222074
3916,-2.222074
3917,-2.222074
3918,-2.222074
3919,-2.222074
3920,-2.222074
3921,-2.222074
3922,-2.222074
3923,-2.222074
3924,-2.222074
3925,-2.222074
3926,-2.222074
3927,-2.222074
3928,-2.222074
3929,-2.222074
3930,-2.222074
3931,-2.222074
3932,-2.222074
3933,-2.222074
3934,-2.222074
3935,-2.222074
3936,-2.222074
3937,-2.222074
3938,-2.222074
3939,-2.222074
3940,-2.222074
3941,-2.222074
3942,-2.222074
3943,-2.222074
3944,-2.222074
3945,-2.222074
3946,-2.222074
3947,-2.222074
3948,-2.222074
3949,-2.222074
3950,-2.222074
3951,-2.222074
3952,-2.222074
3953,-2.222074
3954,-2.222074
3955,-2.222074
3956,-2.222074
3957,-2.222074
3958,-2.222074
3959,-2.222074
3960,-2.222074
3961,-2.222074
3962,-2.222074
3963,-2.222074
3964,-2.222074
3965,-2.222074
3966,-2.222074
3967,-2.222074
3968,-2.222074
3969,-2.222074
3970,-2.222074
3971,-2.222074
3972,-2.222074
3973,-2.222074
3974,-2.222074
3975,-2.222074
3976,-2.222074
3977,-2.222074
3978,-2.222074
3979,-2.222074
3980,-2.222074
3981,-2.222074
3982,-2.222074
3983,-2.222074
3984,-2.222074
3985,-2.222074
3986,-2.222074
3987,-2.222074
3988,-2.222074
3989,-2.222074
3990,-2.222074
3991,-2.222074
3992,-2.222074
3993,-2.222074
3994,-2.222074
3995,-2.222074
3996,-2.222074
3997,-2.222074
3998,-2.222074
3999,-2.303912
4000,-2.303912
4001,-2.303912
4002,-2.303912
4003,-2.303912
4004,-2.303912
4005,-2.303912
4006,-2.303912
4007,-2.303912
4008,-2.303912
4009,-2.303912
4010,-2.303912
4011,-2.303912
4012,-2.303912
4013,-2.303912
4014,-2.303912
4015,-2.303912
4016,-2.303912
4017,-2.303912
4018,-2.303912
4019,-2.303912
4020,-2.303912
4021,-2.303912
4022,-2.303912
4023,-2.303912
4024,-2.303912
4025,-2.303912
4026,-2.303912
4027,-2.303912
4028,-2.303912
4029,-2.303912
4030,-2.303912
4031,-2.303912
4032,-2.303912
4033,-2.303912
4034,-2.303912
4035,-2.303912
4036,-2.303912
4037,-2.303912
4038,-2.303912
4039,-2.303912
4040,-2.303912
4041,-2.303912
4042,-2.303912
4043,-2.303912
4044,-2.303912
4045,-2.303912
4046,-2.303912
4047,-2.303912
4048,-2.303912
4049,-2.303912
4050,-2.303912
4051,-2.303912
4052,-2.303912
4053,-2.303912
4054,-2.303912
4055,-2.303912
4056,-2.303912
4057,-2.303912
4058,-2.303912
4059,-2.303912
4060,-2.303912
4061,-2.303912
4062,-2.303912
4063,-2.303912
4064,-2.303912
4065,-2.303912
4066,-2.303912
4067,-2.303912
4068,-2.303912
4069,-2.303912
4070,-2.303912
4071,-2.303912
4072,-2.303912
4073,-2.303912
4074,-2.303912
4075,-2.303912
4076,-2.303912
4077,-2.303912
4078,-2.303912
4079,-2.303912
4080,-2.303912
4081,-2.303912
4082,-2.303912
4083,-2.303912
4084,-2.303912
4085,-2.303912
4086,-2.303912
4087,-2.303912
4088,-2.303912
4089,-2.303912
4090,-2.303912
4091,-2.303912
4092,-2.303912
4093,-2.303912
4094,-2.303912
4095,-2.303912
4096,-2.303912
4097,-2.303912
4098,-2.303912
4099,-2.507085
4100,-2.507085
4101,-2.507085
4102,-2.507085
4103,-2.507085
4104,-2.507085
4105,-2.507085
4106,-2.507085
4107,-2.507085
4108,-2.507085
4109,-2.507085
4110,-2.507085
4111,-2.507085
4112,-2.507085
4113,-2.507085
4114,-2.507085
4115,-2.507085
4116,-2.507085
4117,-2.507085
4118,-2.507085
4119,-2.507085
4120,-2.507085
4121,-2.507085
4122,-2.507085
4123,-2.507085
4124,-2.507085
4125,-2.507085
4126,-2.507085
4127,-2.507085
4128,-2.507085
4129,-2.507085
4130,-2.507085
4131,-2.507085
4132,-2.507085
4133,-2.507085
4134,-2.507085
4135,-2.507085
4136,-2.507085
4137,-2.507085
4138,-2.507085
4139,-2.507085
4140,-2.507085
4141,-2.507085
4142,-2.507085
4143,-2.507085
4144,-2.507085
4145,-2.507085
4146,-2.507085
4147,-2.507085
4148,-2.507085
4149,-2.507085
4150,-2.507085
4151,-2.507085
4152,-2.507085
4153,-2.507085
4154,-2.507085
4155,-2.507085
4156,-2.507085
4157,-2.507085
4158,-2.507085
4159,-2.507085
4160,-2.507085
4161,-2.507085
4162,-2.507085
4163,-2.507085
4164,-2.507085
4165,-2.507085
4166,-2.507085
4167,-2.507085
4168,-2.507085
4169,-2.507085
4170,-2.507085
4171,-2.507085
4172,-2.507085
4173,-2.507085
4174,-2.507085
4175,-2.507085
4176,-2.507085
4177,-2.507085
4178,-2.507085
4179,-2.507085
4180,-2.507085
4181,-2.507085
4182,-2.507085
4183,-2.507085
4184,-2.507085
4185,-2.507085
4186,-2.507085
4187,-2.507085
4188,-2.507085
4189,-2.507085
4190,-2.507085
4191,-2.507085
4192,-2.507085
4193,-2.507085
4194,-2.507085
4195,-2.507085
4196,-2.507085
4197,-2.507085
4198,-2.507085
4199,-2.533422
4200,-2.533422
4201,-2.533422
4202,-2.533422
4203,-2.533422
4204,-2.533422
4205,-2.533422
4206,-2.533422
4207,-2.533422
4208,-2.533422
4209,-2.533422
4210,-2.533422
4211,-2.533422
4212,-2.533422
4213,-2.533422
4214,-2.533422
4215,-2.533422
4216,-2.533422
4217,-2.533422
4218,-2.533422
4219,-2.533422
4220,-2.533422
4221,-2.533422
4222,-2.533422
4223,-2.533422
4224,-2.533422
4225,-2.533422
4226,-2.533422
4227,-2.533422
4228,-2.533422
4229,-2.533422
4230,-2.533422
4231,-2.533422
4232,-2.533422
4233,-2.533422
4234,-2.533422
4235,-2.533422
4236,-2.533422
4237,-2.533422
4238,-2.533422
4239,-2.533422
4240,-2.533422
4241,-2.533422
4242,-2.533422
4243,-2.533422
4244,-2.533422
4245,-2.533422
4246,-2.533422
4247,-2.533422
4248,-2.533422
4249,-2.533422
4250,-2.533422
4251,-2.533422
4252,-2.533422
4253,-2.533422
4254,-2.533422
4255,-2.533422
4256,-2.533422
4257,-2.533422
4258,-2.533422
4259,-2.533422
4260,-2.533422
4261,-2.533422
4262,-2.533422
4263,-2.533422
4264,-2.533422
4265,-2.533422
4266,-2.533422
4267,-2.533422
4268,-2.533422
4269,-2.533422
4270,-2.533422
4271,-2.533422
4272,-2.533422
4273,-2.533422
4274,-2.533422
4275,-2.533422
4276,-2.533422
4277,-2.533422
4278,-2.533422
4279,-2.533422
4280,-2.533422
4281,-2.533422
4282,-2.533422
4283,-2.533422
4284,-2.533422
4285,-2.533422
4286,-2.533422
4287,-2.533422
4288,-2.533422
4289,-2.533422
4290,-2.533422
4291,-2.533422
4292,-2.533422
4293,-2.533422
4294,-2.533422
4295,-2.533422
4296,-2.533422
4297,-2.533422
4298,-2.533422
4299,-2.018044
4300,-2.018044
4301,-2.018044
4302,-2.018044
4303,-2.018044
4304,-2.018044
4305,-2.018044
4306,-2.018044
4307,-2.018044
4308,-2.018044
4309,-2.018044
4310,-2.018044
4311,-2.018044
4312,-2.018044
4313,-2.018044
4314,-2.018044
4315,-2.018044
4316,-2.018044
4317,-2.018044
4318,-2.018044
4319,-2.018044
4320,-2.018044
4321,-2.018044
4322,-2.018044
4323,-2.018044
4324,-2.018044
4325,-2.018044
4326,-2.018044
4327,-2.018044
4328,-2.018044
4329,-2.018044
4330,-2.018044
4331,-2.018044
4332,-2.018044
4333,-2.018044
4334,-2.018044
4335,-2.018044
4336,-2.018044
4337,-2.018044
4338,-2.018044
4339,-2.018044
4340,-2.018044
4341,-2.018044
4342,-2.018044
4343,-2.018044
4344,-2.018044
4345,-2.018044
4346,-2.018044
4347,-2.018044
4348,-2.018044
4349,-2.018044
4350,-2.018044
4351,-2.018044
4352,-2.018044
4353,-2.018044
4354,-2.018044
4355,-2.018044
4356,-2.018044
4357,-2.018044
4358,-2.018044
4359,-2.018044
4360,-2.018044
4361,-2.018044
4362,-2.018044
4363,-2.018044
4364,-2.018044
4365,-2.018044
4366,-2.018044
4367,-2.018044
4368,-2.018044
4369,-2.018044
4370,-2.018044
4371,-2.018044
4372,-2.018044
4373,-2.018044
4374,-2.018044
4375,-2.018044
4376,-2.018044
4377,-2.018044
4378,-2.018044
4379,-2.018044
4380,-2.018044
4381,-2.018044
4382,-2.018044
4383,-2.018044
4384,-2.018044
4385,-2.018044
4386,-2.018044
4387,-2.018044
4388,-2.018044
4389,-2.018044
4390,-2.018044
4391,-2.018044
4392,-2.018044
4393,-2.018044
4394,-2.018044
4395,-2.018044
4396,-2.018044
4397,-2.018044
4398,-2.018044
4399,-1.898406
4400,-1.898406
4401,-1.898406
4402,-1.898406
4403,-1.898406
4404,-1.898406
4405,-1.898406
4406,-1.898406
4407,-1.898406
4408,-1.898406
4409,-1.898406
4410,-1.898406
4411,-1.898406
4412,-1.898406
4413,-1.898406
4414,-1.898406
4415,-1.898406
4416,-1.898406
4417,-1.898406
4418,-1.898406
4419,-1.898406
4420,-1.898406
4421,-1.898406
4422,-1.898406
4423,-1.898406
4424,-1.898406
4425,-1.898406
4426,-1.898406
4427,-1.898406
4428,-1.898406
4429,-1.898406
4430,-1.898406
4431,-1.898406
4432,-1.898406
4433,-1.898406
4434,-1.898406
4435,-1.898406
4436,-1.898406
4437,-1.898406
4438,-1.898406
4439,-1.898406
4440,-1.898406
4441,-1.898406
4442,-1.898406
4443,-1.898406
4444,-1.898406
4445,-1.898406
4446,-1.898406
4447,-1.898406
4448,-1.898406
4449,-1.898406
4450,-1.898406
4451,-1.898406
4452,-1.898406
4453,-1.898406
4454,-1.898406
4455,-1.898406
4456,-1.898406
4457,-1.898406
4458,-1.898406
4459,-1.898406
4460,-1.898406
4461,-1.898406
4462,-1.898406
4463,-1.898406
4464,-1.898406
4465,-1.898406
4466,-1.898406
4467,-1.898406
4468,-1.898406
4469,-1.898406
4470,-1.898406
4471,-1.898406
4472,-1.898406
4473,-1.898406
4474,-1.898406
4475,-1.898406
4476,-1.898406
4477,-1.898406
4478,-1.898406
4479,-1.898406
4480,-1.898406
4481,-1.898406
4482,-1.898406
4483,-1.898406
4484,-1.898406
4485,-1.898406
4486,-1.898406
4487,-1.898406
4488,-1.898406
4489,-1.898406
4490,-1.898406
4491,-1.898406
4492,-1.898406
4493,-1.898406
4494,-1.898406
4495,-1.898406
4496,-1.898406
4497,-1.898406
4498,-1.898406
4499,-2.48401
4500,-2.48401
4501,-2.48401
4502,-2.48401
4503,-2.48401
4504,-2.48401
4505,-2.48401
4506,-2.48401
4507,-2.48401
4508,-2.48401
4509,-2.48401
4510,-2.48401
4511,-2.48401
4512,-2.48401
4513,-2.48401
4514,-2.48401
4515,-2.48401
4516,-2.48401
4517,-2.48401
4518,-2.48401
4519,-2.48401
4520,-2.48401
4521,-2.48401
4522,-2.48401
4523,-2.48401
4524,-2.48401
4525,-2.48401
4526,-2.48401
4527,-2.48401
4528,-2.48401
4529,-2.48401
4530,-2.48401
4531,-2.48401
4532,-2.48401
4533,-2.48401
4534,-2.48401
4535,-2.48401
4536,-2.48401
4537,-2.48401
4538,-2.48401
4539,-2.48401
4540,-2.48401
4541,-2.48401
4542,-2.48401
4543,-2.48401
4544,-2.48401
4545,-2.48401
4546,-2.48401
4547,-2.48401
4548,-2.48401
4549,-2.48401
4550,-2.48401
4551,-2.48401
4552,-2.48401
4553,-2.48401
4554,-2.48401
4555,-2.48401
4556,-2.48401
4557,-2.48401
4558,-2.48401
4559,-2.48401
4560,-2.48401
4561,-2.48401
4562,-2.48401
4563,-2.48401
4564,-2.48401
4565,-2.48401
4566,-2.48401
4567,-2.48401
4568,-2.48401
4569,-2.48401
4570,-2.48401
4571,-2.48401
4572,-2.48401
4573,-2.48401
4574,-2.48401
4575,-2.48401
4576,-2.48401
4577,-2.48401
4578,-2.48401
4579,-2.48401
4580,-2.48401
4581,-2.48401
4582,-2.48401
4583,-2.48401
4584,-2.48401
4585,-2.48401
4586,-2.48401
4587,-2.48401
4588,-2.48401
4589,-2.48401
4590,-2.48401
4591,-2.48401
4592,-2.48401
4593,-2.48401
4594,-2.48401
4595,-2.48401
4596,-2.48401
4597,-2.48401
4598,-2.48401
4599,-1.991278
4600,-1.991278
4601,-1.991278
4602,-1.991278
4603,-1.991278
4604,-1.991278
4605,-1.991278
4606,-1.991278
4607,-1.991278
4608,-1.991278
4609,-1.991278
4610,-1.991278
4611,-1.991278
4612,-1.991278
4613,-1.991278
4614,-1.991278
4615,-1.991278
4616,-1.991278
4617,-1.991278
4618,-1.991278
4619,-1.991278
4620,-1.991278
4621,-1.991278
4622,-1.991278
4623,-1.991278
4624,-1.991278
4625,-1.991278
4626,-1.991278
4627,-1.991278
4628,-1.991278
4629,-1.991278
4630,-1.991278
4631,-1.991278
4632,-1.991278
4633,-1.991278
4634,-1.991278
4635,-1.991278
4636,-1.991278
4637,-1.991278
4638,-1.991278
4639,-1.991278
4640,-1.991278
4641,-1.991278
4642,-1.991278
4643,-1.991278
4644,-1.991278
4645,-1.991278
4646,-1.991278
4647,-1.991278
4648,-1.991278
4649,-1.991278
4650,-1.991278
4651,-1.991278
4652,-1.991278
4653,-1.991278
4654,-1.991278
4655,-1.991278
4656,-1.991278
4657,-1.991278
4658,-1.991278
4659,-1.991278
4660,-1.991278
4661,-1.991278
4662,-1.991278
4663,-1.991278
4664,-1.991278
4665,-1.991278
4666,-1.991278
4667,-1.991278
4668,-1.991278
4669,-1.991278
4670,-1.991278
4671,-1.991278
4672,-1.991278
4673,-1.991278
4674,-1.991278
4675,-1.991278
4676,-1.991278
4677,-1.991278
4678,-1.991278
4679,-1.991278
4680,-1.991278
4681,-1.991278
4682,-1.991278
4683,-1.991278
4684,-1.991278
4685,-1.991278
4686,-1.991278
4687,-1.991278
4688,-1.991278
4689,-1.991278
4690,-1.991278
4691,-1.991278
4692,-1.991278
4693,-1.991278
4694,-1.991278
4695,-1.991278
4696,-1.991278
4697,-1.991278
4698,-1.991278
4699,-3.106507
4700,-3.106507
4701,-3.106507
4702,-3.106507
4703,-3.106507
4704,-3.106507
4705,-3.106507
4706,-3.106507
4707,-3.106507
4708,-3.106507
4709,-3.106507
4710,-3.106507
4711,-3.106507
4712,-3.106507
4713,-3.106507
4714,-3.106507
4715,-3.106507
4716,-3.106507
4717,-3.106507
4718,-3.106507
4719,-3.106507
4720,-3.106507
4721,-3.106507
4722,-3.106507
4723,-3.106507
4724,-3.106507
4725,-3.106507
4726,-3.106507
4727,-3.106507
4728,-3.106507
4729,-3.106507
4730,-3.106507
4731,-3.106507
4732,-3.106507
4733,-3.106507
4734,-3.106507
4735,-3.106507
4736,-3.106507
4737,-3.106507
4738,-3.106507
4739,-3.106507
4740,-3.106507
4741,-3.106507
4742,-3.106507
4743,-3.106507
4744,-3.106507
4745,-3.106507
4746,-3.106507
4747,-3.106507
4748,-3.106507
4749,-3.106507
4750,-3.106507
4751,-3.106507
4752,-3.106507
4753,-3.106507
4754,-3.106507
4755,-3.106507
4756,-3.106507
4757,-3.106507
4758,-3.106507
4759,-3.106507
4760,-3.106507
4761,-3.106507
4762,-3.106507
4763,-3.106507
4764,-3.106507
4765,-3.106507
4766,-3.106507
4767,-3.106507
4768,-3.106507
4769,-3.106507
4770,-3.106507
4771,-3.106507
4772,-3.106507
4773,-3.106507
4774,-3.106507
4775,-3.106507
4776,-3.106507
4777,-3.106507
4778,-3.106507
4779,-3.106507
4780,-3.106507
4781,-3.106507
4782,-3.106507
4783,-3.106507
4784,-3.106507
4785,-3.106507
4786,-3.106507
4787,-3.106507
4788,-3.106507
4789,-3.106507
4790,-3.106507
4791,-3.106507
4792,-3.106507
4793,-3.106507
4794,-3.106507
4795,-3.106507
4796,-3.106507
4797,-3.106507
4798,-3.106507
4799,-2.369226
4800,-2.369226
4801,-2.369226
4802,-2.369226
4803,-2.369226
4804,-2.369226
4805,-2.369226
4806,-2.369226
4807,-2.369226
4808,-2.369226
4809,-2.369226
4810,-2.369226
4811,-2.369226
4812,-2.369226
4813,-2.369226
4814,-2.369226
4815,-2.369226
4816,-2.369226
4817,-2.369226
4818,-2.369226
4819,-2.369226
4820,-2.369226
4821,-2.369226
4822,-2.369226
4823,-2.369226
4824,-2.369226
4825,-2.369226
4826,-2.369226
4827,-2.369226
4828,-2.369226
4829,-2.369226
4830,-2.369226
4831,-2.369226
4832,-2.369226
4833,-2.369226
4834,-2.369226
4835,-2.369226
4836,-2.369226
4837,-2.369226
4838,-2.369226
4839,-2.369226
4840,-2.369226
4841,-2.369226
4842,-2.369226
4843,-2.369226
4844,-2.369226
4845,-2.369226
4846,-2.369226
4847,-2.369226
4848,-2.369226
4849,-2.369226
4850,-2.369226
4851,-2.369226
4852,-2.369226
4853,-2.369226
4854,-2.369226
4855,-2.369226
4856,-2.369226
4857,-2.369226
4858,-2.369226
4859,-2.369226
4860,-2.369226
4861,-2.369226
4862,-2.369226
4863,-2.369226
4864,-2.369226
4865,-2.369226
4866,-2.369226
4867,-2.369226
4868,-2.369226
4869,-2.369226
4870,-2.369226
4871,-2.369226
4872,-2.369226
4873,-2.369226
4874,-2.369226
4875,-2.369226
4876,-2.369226
4877,-2.369226
4878,-2.369226
4879,-2.369226
4880,-2.369226
4881,-2.369226
4882,-2.369226
4883,-2.369226
4884,-2.369226
4885,-2.369226
4886,-2.369226
4887,-2.369226
4888,-2.369226
4889,-2.369226
4890,-2.369226
4891,-2.369226
4892,-2.369226
4893,-2.369226
4894,-2.369226
4895,-2.369226
4896,-2.369226
4897,-2.369226
4898,-2.369226
4899,-2.475936
